modern,74,1
age,71,1
period,70,1
past,68,1
local,62,1
europe,57,1
marine,54,1
early,53,1
united,53,1
cultural,52,1
historians,52,1
timeline,52,1
journal,51,1
war,51,1
states,50,1
theory,48,1
intellectual,46,1
sociology,43,1
writing,43,1
antiquarian,42,1
chronology,42,1
antiquaries,41,1
era,41,1
historiography,41,1
ideas,41,1
events,40,1
society,40,1
south,40,1
middle,39,1
america,38,1
biology,38,1
bc,37,1
culture,37,1
indigenous,37,1
studies,37,1
philosophy,36,1
john,35,1
anachronism,34,1
church,34,1
roman,34,1
art,33,1
economic,33,1
empire,33,1
oxford,33,1
revolution,33,1
location,32,1
research,32,1
western,32,1
asia,31,1
dynasty,31,1
american,30,1
ocean,30,1
english,29,1
general,29,1
peoples,29,1
place,29,1
archaeology,28,1
great,28,1
knowledge,28,1
language,28,1
life,28,1
list,28,1
military,28,1
north,28,1
questions,28,1
sources,28,1
state,28,1
ages,27,1
discussions,27,1
field,27,1
harv,27,1
lost,27,1
present,27,1
historian,26,1
natural,26,1
texts,26,1
topic,26,1
east,25,1
human,25,1
interpretation,25,1
late,25,1
pp,25,1
revd,25,1
sea,25,1
written,25,1
30em,24,1
authorlink,24,1
bce,24,1
china,24,1
jpg,24,1
london,24,1
references,24,1
africa,23,1
charles,23,1
context,23,1
information,23,1
thumb,23,1
william,23,1
analysis,22,1
centuries,22,1
classical,22,1
egypt,22,1
historic,22,1
island,22,1
recorded,22,1
records,22,1
source,22,1
author,21,1
central,21,1
col,21,1
colbegin,21,1
colend,21,1
film,21,1
important,21,1
literature,21,1
primary,21,1
term,21,1
antiquary,20,1
based,20,1
change,20,1
file,20,1
international,20,1
method,20,1
pdf,20,1
sciences,20,1
volume,20,1
cognitive,19,1
common,19,1
developed,19,1
education,19,1
england,19,1
evidence,19,1
found,19,1
global,19,1
industrial,19,1
kingdom,19,1
made,19,1
music,19,1
nbsp,19,1
small,19,1
view,19,1
19th,18,1
arts,18,1
calendar,18,1
crusade,18,1
deep,18,1
european,18,1
french,18,1
greek,18,1
guide,18,1
india,18,1
james,18,1
links,18,1
marmaras,18,1
medieval,18,1
methods,18,1
reflist,18,1
renaissance,18,1
rome,18,1
students,18,1
terms,18,1
text,18,1
warfare,18,1
wars,18,1
academic,17,1
australia,17,1
city,17,1
concept,17,1
contemporary,17,1
development,17,1
discipline,17,1
doi,17,1
environmental,17,1
histories,17,1
individuals,17,1
introduction,17,1
prehistory,17,1
russia,17,1
thought,17,1
anachronisms,16,1
antiquity,16,1
archaeological,16,1
began,16,1
bishop,16,1
discovery,16,1
discussion,16,1
ed,16,1
existed,16,1
france,16,1
george,16,1
germany,16,1
high,16,1
including,16,1
library,16,1
literary,16,1
participants,16,1
periods,16,1
region,16,1
scientific,16,1
systems,16,1
thomas,16,1
times,16,1
trade,16,1
xtf,16,1
criticism,15,1
decay,15,1
form,15,1
issue,15,1
latin,15,1
leaders,15,1
project,15,1
theories,15,1
victoria,15,1
20th,14,1
al,14,1
article,14,1
chapter,14,1
countries,14,1
cultures,14,1
end,14,1
interpretive,14,1
material,14,1
places,14,1
resources,14,1
semiotics,14,1
sense,14,1
teaching,14,1
antiquarianism,13,1
british,13,1
contexts,13,1
exploration,13,1
external,13,1
first2,13,1
generation,13,1
internet,13,1
japan,13,1
last2,13,1
left,13,1
part,13,1
prehistoric,13,1
process,13,1
psychology,13,1
reading,13,1
set,13,1
subject,13,1
theatre,13,1
18th,12,1
ad,12,1
called,12,1
critical,12,1
dating,12,1
defaultsort,12,1
documents,12,1
edition,12,1
elegant,12,1
generally,12,1
idea,12,1
include,12,1
interest,12,1
linguistics,12,1
major,12,1
meaning,12,1
number,12,1
online,12,1
practice,12,1
published,12,1
refer,12,1
reference,12,1
robert,12,1
russian,12,1
scholars,12,1
societies,12,1
type,12,1
vol,12,1
accounts,11,1
antiquarians,11,1
artifacts,11,1
chronological,11,1
chronologies,11,1
citation,11,1
civilization,11,1
collections,11,1
communication,11,1
considered,11,1
continent,11,1
dictionary,11,1
disciplines,11,1
first1,11,1
globalization,11,1
greece,11,1
groups,11,1
islands,11,1
large,11,1
law,11,1
narrative,11,1
neos,11,1
news,11,1
november,11,1
oceans,11,1
politics,11,1
professor,11,1
recent,11,1
related,11,1
religion,11,1
richard,11,1
separate,11,1
services,11,1
sir,11,1
soviet,11,1
specific,11,1
standards,11,1
system,11,1
topics,11,1
16th,10,1
battle,10,1
biodiversity,10,1
britain,10,1
ce,10,1
christ,10,1
concepts,10,1
day,10,1
debate,10,1
depression,10,1
due,10,1
earliest,10,1
eds,10,1
eras,10,1
facts,10,1
founded,10,1
impact,10,1
interpretations,10,1
ireland,10,1
jeffrey,10,1
levinton,10,1
lib,10,1
lists,10,1
madrid,10,1
monuments,10,1
object,10,1
order,10,1
outline,10,1
peter,10,1
physical,10,1
record,10,1
recording,10,1
relations,10,1
religious,10,1
researchers,10,1
secondary,10,1
site,10,1
sites,10,1
technological,10,1
understanding,10,1
union,10,1
virginia,10,1
water,10,1
aesthetic,9,1
aristotle,9,1
back,9,1
bbc,9,1
bronze,9,1
cases,9,1
civilizations,9,1
collection,9,1
concerned,9,1
david,9,1
earth,9,1
eastern,9,1
established,9,1
fact,9,1
fall,9,1
figures,9,1
focus,9,1
german,9,1
glossary,9,1
haroutunian,9,1
held,9,1
humanities,9,1
ii,9,1
image,9,1
journals,9,1
king,9,1
labor,9,1
land,9,1
living,9,1
northern,9,1
parts,9,1
perspectives,9,1
point,9,1
post,9,1
professional,9,1
provide,9,1
question,9,1
restoration,9,1
scale,9,1
school,9,1
scientists,9,1
significant,9,1
stone,9,1
supercontinent,9,1
thinking,9,1
tilly,9,1
types,9,1
ways,9,1
1960s,8,1
account,8,1
americas,8,1
architecture,8,1
archive,8,1
arthur,8,1
begins,8,1
building,8,1
chinese,8,1
classification,8,1
collective,8,1
college,8,1
corpuz,8,1
dichist,8,1
docid,8,1
economies,8,1
editor,8,1
emergence,8,1
empirical,8,1
enlightenment,8,1
environment,8,1
explore,8,1
family,8,1
fiction,8,1
fields,8,1
future,8,1
gender,8,1
government,8,1
group,8,1
historically,8,1
house,8,1
humanism,8,1
ibn,8,1
index,8,1
individual,8,1
inscriptions,8,1
june,8,1
kingdoms,8,1
legal,8,1
levine,8,1
long,8,1
make,8,1
michael,8,1
momigliano,8,1
nation,8,1
neolithic,8,1
path,8,1
perspective,8,1
poetry,8,1
popular,8,1
publishing,8,1
pursuit,8,1
regions,8,1
review,8,1
side,8,1
spanish,8,1
structures,8,1
style,8,1
tauli,8,1
tei,8,1
textbooks,8,1
things,8,1
today,8,1
TRUE,8,1
understand,8,1
venice,8,1
widely,8,1
working,8,1
anthony,7,1
anthropology,7,1
area,7,1
areas,7,1
astronomy,7,1
body,7,1
carras,7,1
christianity,7,1
contributions,7,1
control,7,1
council,7,1
country,7,1
county,7,1
data,7,1
december,7,1
develop,7,1
diplomatic,7,1
ecology,7,1
effect,7,1
encourage,7,1
encyclopedia,7,1
examples,7,1
famous,7,1
forms,7,1
function,7,1
historia,7,1
htm,7,1
humans,7,1
iii,7,1
included,7,1
info,7,1
italy,7,1
jurassic,7,1
kind,7,1
korea,7,1
last1,7,1
limited,7,1
link,7,1
macro,7,1
mass,7,1
mathematics,7,1
media,7,1
mid,7,1
movement,7,1
names,7,1
nationalization,7,1
network,7,1
notable,7,1
objects,7,1
observations,7,1
oceania,7,1
oral,7,1
organization,7,1
painting,7,1
paradigm,7,1
paul,7,1
person,7,1
philip,7,1
policy,7,1
postscript,7,1
pre,7,1
precambrian,7,1
processes,7,1
pseudohistory,7,1
refers,7,1
result,7,1
scholarship,7,1
scotland,7,1
sequence,7,1
spain,7,1
speech,7,1
techniques,7,1
tertiary,7,1
textual,7,1
tradition,7,1
traditions,7,1
transport,7,1
ukraine,7,1
values,7,1
views,7,1
visual,7,1
word,7,1
writings,7,1
accepted,6,1
activities,6,1
addition,6,1
adopted,6,1
aesthetics,6,1
agreement,6,1
anglican,6,1
annals,6,1
april,6,1
atlantic,6,1
baltica,6,1
beginning,6,1
bias,6,1
big,6,1
business,6,1
carolingian,6,1
case,6,1
cathedral,6,1
christian,6,1
chronicle,6,1
civil,6,1
coauthors,6,1
columbian,6,1
commonly,6,1
communities,6,1
community,6,1
comparative,6,1
computational,6,1
conceptual,6,1
cook,6,1
created,6,1
current,6,1
curriculum,6,1
daniel,6,1
darwin,6,1
defined,6,1
descriptions,6,1
diocese,6,1
edward,6,1
elias,6,1
espa,6,1
ethics,6,1
findings,6,1
formed,6,1
foundation,6,1
fourth,6,1
francis,6,1
genealogy,6,1
geography,6,1
gordon,6,1
gov,6,1
grafton,6,1
importance,6,1
includes,6,1
increased,6,1
increasingly,6,1
institute,6,1
invention,6,1
islam,6,1
italian,6,1
jstor,6,1
led,6,1
level,6,1
located,6,1
making,6,1
man,6,1
march,6,1
marinebio,6,1
martin,6,1
mediterranean,6,1
men,6,1
mesopotamia,6,1
originally,6,1
ottoman,6,1
paleolithic,6,1
pangea,6,1
passed,6,1
peninsula,6,1
personal,6,1
philology,6,1
pietersburg,6,1
plate,6,1
poland,6,1
porto,6,1
pragmatics,6,1
put,6,1
regional,6,1
religions,6,1
rev,6,1
rights,6,1
rise,6,1
schools,6,1
scott,6,1
script,6,1
search,6,1
semantics,6,1
speaking,6,1
star,6,1
stephen,6,1
studied,6,1
supper,6,1
teachers,6,1
thomson,6,1
tool,6,1
tosh,6,1
transformation,6,1
typically,6,1
ussr,6,1
ven,6,1
village,6,1
voyage,6,1
ward,6,1
website,6,1
westminster,6,1
woolf,6,1
writers,6,1
wto,6,1
zealand,6,1
added,5,1
advent,5,1
alvar,5,1
amazon,5,1
anderson,5,1
antiquities,5,1
appears,5,1
application,5,1
applied,5,1
approach,5,1
approaches,5,1
archival,5,1
archives,5,1
arnaldo,5,1
artefacts,5,1
articles,5,1
artifact,5,1
au,5,1
auxiliary,5,1
awareness,5,1
bacon,5,1
bank,5,1
begin,5,1
biblical,5,1
blackwell,5,1
brazil,5,1
broader,5,1
built,5,1
caesar,5,1
camden,5,1
camels,5,1
canada,5,1
celebrated,5,1
characterized,5,1
christopher,5,1
citations,5,1
class,5,1
close,5,1
collecting,5,1
colonial,5,1
communist,5,1
company,5,1
congo,5,1
connection,5,1
continental,5,1
core,5,1
customs,5,1
death,5,1
departments,5,1
dependence,5,1
des,5,1
describe,5,1
describes,5,1
dewey,5,1
dioceseofpretoria,5,1
disambiguation,5,1
distinct,5,1
document,5,1
earlier,5,1
ecological,5,1
educational,5,1
efforts,5,1
emerged,5,1
emerging,5,1
engage,5,1
es,5,1
espasa,5,1
essential,5,1
evolution,5,1
examination,5,1
examine,5,1
expedition,5,1
experience,5,1
expression,5,1
farmers,5,1
father,5,1
forest,5,1
formulated,5,1
franklin,5,1
full,5,1
gondwana,5,1
greater,5,1
greeks,5,1
hansen,5,1
herodotus,5,1
homo,5,1
identified,5,1
identify,5,1
imports,5,1
influential,5,1
initial,5,1
initiative,5,1
inquiry,5,1
institutions,5,1
intentional,5,1
interests,5,1
interior,5,1
interpret,5,1
invented,5,1
investigation,5,1
involved,5,1
iron,5,1
items,5,1
japanese,5,1
jerry,5,1
jin,5,1
key,5,1
khaldun,5,1
labs,5,1
lack,5,1
laurentia,5,1
learning,5,1
linked,5,1
logic,5,1
mander,5,1
manuscript,5,1
mark,5,1
marxist,5,1
massachusetts,5,1
means,5,1
members,5,1
menotti,5,1
mesoamerica,5,1
methodology,5,1
migration,5,1
millennium,5,1
models,5,1
movements,5,1
narratives,5,1
nationalism,5,1
nature,5,1
notes,5,1
ny,5,1
objective,5,1
official,5,1
older,5,1
open,5,1
organisms,5,1
origin,5,1
pacific,5,1
participation,5,1
pejorative,5,1
perception,5,1
periodization,5,1
philosophers,5,1
philosophical,5,1
phoenicians,5,1
poem,5,1
polokwane,5,1
polynesians,5,1
poor,5,1
postclassical,5,1
practices,5,1
pretoria,5,1
primarily,5,1
princeton,5,1
principle,5,1
print,5,1
prior,5,1
privatization,5,1
produced,5,1
progress,5,1
prominent,5,1
quality,5,1
range,5,1
read,5,1
reagan,5,1
reason,5,1
rectors,5,1
referred,5,1
regarded,5,1
remains,5,1
revolutionary,5,1
rochon,5,1
role,5,1
routledge,5,1
salemi,5,1
samples,5,1
scholarly,5,1
series,5,1
service,5,1
siberia,5,1
smith,5,1
sociologist,5,1
sociologists,5,1
sound,5,1
sourcebooks,5,1
southeast,5,1
statistics,5,1
strong,5,1
stuart,5,1
student,5,1
talk,5,1
technologies,5,1
ten,5,1
tethys,5,1
town,5,1
traditionally,5,1
trek,5,1
turn,5,1
typology,5,1
understood,5,1
unintentional,5,1
urban,5,1
vast,5,1
walter,5,1
widespread,5,1
workshop,5,1
access,4,1
accessed,4,1
acting,4,1
advancement,4,1
agriculture,4,1
alan,4,1
allowed,4,1
amateur,4,1
anachronistic,4,1
analyzed,4,1
antarctica,4,1
anti,4,1
approximately,4,1
arab,4,1
archaic,4,1
archivedate,4,1
archiveurl,4,1
arguments,4,1
aspects,4,1
association,4,1
assumptions,4,1
attention,4,1
audience,4,1
august,4,1
authority,4,1
authors,4,1
avalonia,4,1
basic,4,1
biography,4,1
boer,4,1
branch,4,1
broadly,4,1
buildings,4,1
california,4,1
capitalism,4,1
captain,4,1
caribbean,4,1
catalogue,4,1
catholic,4,1
changing,4,1
chicago,4,1
cities,4,1
clarendon,4,1
climate,4,1
clunas,4,1
cold,4,1
columbus,4,1
comedy,4,1
compiled,4,1
composed,4,1
conclusions,4,1
condita,4,1
congregation,4,1
connotation,4,1
constantin,4,1
contact,4,1
content,4,1
continents,4,1
contrasted,4,1
controversial,4,1
conversation,4,1
covers,4,1
creative,4,1
cuneiform,4,1
dangerous,4,1
dark,4,1
dean,4,1
deans,4,1
decades,4,1
denotation,4,1
design,4,1
detail,4,1
difference,4,1
discovered,4,1
domain,4,1
dp,4,1
dugdale,4,1
dunn,4,1
dustbin,4,1
dynasties,4,1
easter,4,1
edinburgh,4,1
effects,4,1
egyptian,4,1
ends,4,1
engineering,4,1
epigraphy,4,1
epistemology,4,1
essays,4,1
eurasia,4,1
evaluate,4,1
excerpt,4,1
exist,4,1
existing,4,1
expected,4,1
ezquerra,4,1
FALSE,4,1
figure,4,1
films,4,1
finberg,4,1
find,4,1
floor,4,1
focusing,4,1
food,4,1
foreign,4,1
format,4,1
g5sfaaaaiaaj,4,1
gage,4,1
gatt,4,1
genesis,4,1
genetic,4,1
geology,4,1
give,4,1
goal,4,1
gordan,4,1
governments,4,1
graham,4,1
growth,4,1
hand,4,1
happened,4,1
heritage,4,1
hist,4,1
hoare,4,1
holocaust,4,1
holy,4,1
hpr,4,1
illustrated,4,1
images,4,1
impacts,4,1
impossible,4,1
institution,4,1
intended,4,1
interested,4,1
interregnum,4,1
introduced,4,1
islamic,4,1
issues,4,1
jacques,4,1
joseph,4,1
judgement,4,1
julian,4,1
july,4,1
kevin,4,1
laid,4,1
languages,4,1
le,4,1
leading,4,1
libya,4,1
line,4,1
live,4,1
livy,4,1
macmillan,4,1
magazine,4,1
mahoney,4,1
marked,4,1
marmara,4,1
materials,4,1
meant,4,1
medicine,4,1
meiji,4,1
memory,4,1
mexican,4,1
miller,4,1
missing,4,1
mode,4,1
model,4,1
multi,4,1
multiple,4,1
murmann,4,1
muse,4,1
museum,4,1
nations,4,1
net,4,1
nla,4,1
northwest,4,1
npr,4,1
occur,4,1
oceanography,4,1
october,4,1
office,4,1
oldest,4,1
opening,4,1
opinions,4,1
organizations,4,1
organized,4,1
origins,4,1
outcomes,4,1
output,4,1
parachronism,4,1
participate,4,1
passages,4,1
patenting,4,1
perceived,4,1
phases,4,1
phenomena,4,1
phrase,4,1
policies,4,1
popmatters,4,1
population,4,1
possibly,4,1
power,4,1
prepared,4,1
presentism,4,1
presents,4,1
preserved,4,1
previously,4,1
private,4,1
product,4,1
production,4,1
prominence,4,1
proposed,4,1
purposes,4,1
quote,4,1
radiocarbon,4,1
received,4,1
recognition,4,1
relative,4,1
relics,4,1
response,4,1
revisionism,4,1
river,4,1
rp,4,1
sacred,4,1
samuel,4,1
scandinavia,4,1
seaway,4,1
section,4,1
security,4,1
september,4,1
settlement,4,1
seventeenth,4,1
shakespeare,4,1
shang,4,1
ship,4,1
show,4,1
shtml,4,1
skinner,4,1
song,4,1
specialized,4,1
species,4,1
specimens,4,1
speculative,4,1
started,4,1
stories,4,1
strategies,4,1
studying,4,1
subjects,4,1
sumerian,4,1
support,4,1
sweet,4,1
taking,4,1
taste,4,1
taught,4,1
teacher,4,1
tend,4,1
tended,4,1
tides,4,1
timelines,4,1
tools,4,1
top,4,1
trans,4,1
trends,4,1
truth,4,1
tyler,4,1
typical,4,1
universal,4,1
universities,4,1
urbe,4,1
uvabook,4,1
uvagentext,4,1
van,4,1
victor,4,1
vietnam,4,1
volumes,4,1
von,4,1
voyages,4,1
wider,4,1
williams,4,1
winter,4,1
women,4,1
womens,4,1
write,4,1
writes,4,1
wrote,4,1
wyville,4,1
flagcountry,192,2
science,107,2
international,100,2
united,91,2
office,88,2
states,81,2
government,77,2
state,75,2
space,59,2
law,54,2
relations,54,2
rights,54,2
theory,53,2
media,52,2
removed,51,2
general,47,2
population,46,2
opinion,45,2
war,44,2
leader,42,2
party,42,2
research,42,2
term,42,2
human,41,2
oxford,41,2
people,41,2
feminism,40,2
power,40,2
register,40,2
person,39,2
policy,39,2
question,39,2
demography,38,2
interest,36,2
journal,36,2
nasa,36,2
october,36,2
influence,35,2
studies,35,2
lobbying,34,2
members,34,2
references,34,2
society,34,2
station,34,2
american,33,2
body,33,2
countries,33,2
gov,32,2
disability,31,2
election,31,2
foreign,31,2
scientific,31,2
group,30,2
terms,30,2
legal,29,2
list,29,2
torture,29,2
br,28,2
canada,28,2
china,28,2
house,28,2
news,28,2
paul,28,2
spin,28,2
article,27,2
european,27,2
flow,27,2
issue,27,2
jewish,27,2
death,26,2
dictionary,26,2
mass,26,2
ndash,26,2
organisation,26,2
width,26,2
center,25,2
communication,25,2
lobby,25,2
model,25,2
nations,25,2
parliament,25,2
reflist,25,2
america,24,2
english,24,2
iss,24,2
medical,24,2
women,24,2
change,23,2
climate,23,2
jews,23,2
lazarsfeld,23,2
location,23,2
myth,23,2
organization,23,2
parliamentary,23,2
pdf,23,2
politic,23,2
security,23,2
author,22,2
debate,22,2
ed,22,2
eu,22,2
financial,22,2
main,22,2
step,22,2
agency,21,2
civil,21,2
cn,21,2
fact,21,2
htm,21,2
leaders,21,2
member,21,2
pep,21,2
religious,21,2
system,21,2
topic,21,2
transparency,21,2
modern,20,2
nation,20,2
part,20,2
personal,20,2
amnesty,19,2
based,19,2
esa,19,2
factions,19,2
groups,19,2
including,19,2
issues,19,2
senate,19,2
view,19,2
anti,18,2
association,18,2
authorlink,18,2
faction,18,2
feminist,18,2
form,18,2
individuals,18,2
life,18,2
made,18,2
number,18,2
police,18,2
act,17,2
conflict,17,2
court,17,2
include,17,2
index,17,2
information,17,2
john,17,2
parties,17,2
post,17,2
process,17,2
september,17,2
trade,17,2
economic,16,2
england,16,2
eric,16,2
federal,16,2
feyerabend,16,2
kaufmann,16,2
kingdom,16,2
nature,16,2
regulation,16,2
report,16,2
subject,16,2
analysis,15,2
canadian,15,2
considered,15,2
data,15,2
europe,15,2
genocide,15,2
london,15,2
operation,15,2
print,15,2
reform,15,2
role,15,2
room,15,2
volume,15,2
black,14,2
common,14,2
definition,14,2
democratic,14,2
doi,14,2
ethics,14,2
germany,14,2
health,14,2
lobbyists,14,2
money,14,2
style,14,2
african,13,2
age,13,2
archive,13,2
aronowitz,13,2
council,13,2
critical,13,2
culture,13,2
demographic,13,2
factional,13,2
gender,13,2
governments,13,2
ii,13,2
individual,13,2
institutions,13,2
interests,13,2
legislative,13,2
links,13,2
military,13,2
minister,13,2
movement,13,2
nationalism,13,2
net,13,2
north,13,2
politically,13,2
polls,13,2
president,13,2
religion,13,2
routledge,13,2
violence,13,2
behavior,12,2
capital,12,2
chinese,12,2
commons,12,2
country,12,2
current,12,2
defined,12,2
describe,12,2
due,12,2
exposed,12,2
factors,12,2
freedom,12,2
global,12,2
head,12,2
january,12,2
june,12,2
katz,12,2
language,12,2
lawyers,12,2
legislature,12,2
oup,12,2
penalty,12,2
punishment,12,2
representatives,12,2
serve,12,2
stanley,12,2
theories,12,2
times,12,2
understanding,12,2
views,12,2
william,12,2
wilson,12,2
120px,11,2
access,11,2
aging,11,2
background,11,2
brutality,11,2
called,11,2
citation,11,2
communications,11,2
community,11,2
criticism,11,2
david,11,2
democracy,11,2
development,11,2
edition,11,2
external,11,2
famine,11,2
focus,11,2
force,11,2
german,11,2
goldstone,11,2
industry,11,2
institute,11,2
laundering,11,2
making,11,2
mandatory,11,2
means,11,2
november,11,2
otis,11,2
peps,11,2
php,11,2
place,11,2
pp,11,2
pr,11,2
presidential,11,2
programme,11,2
regulations,11,2
robert,11,2
rule,11,2
scientists,11,2
similar,11,2
south,11,2
structure,11,2
typically,11,2
union,11,2
working,11,2
administration,10,2
affairs,10,2
backlash,10,2
bgcolor,10,2
case,10,2
catalog,10,2
ci,10,2
colspan,10,2
conduct,10,2
csa,10,2
duffy,10,2
egg,10,2
fertility,10,2
file,10,2
free,10,2
ideology,10,2
laws,10,2
leadership,10,2
long,10,2
major,10,2
martin,10,2
monica,10,2
open,10,2
opinions,10,2
opposition,10,2
participation,10,2
peoples,10,2
philosophy,10,2
populations,10,2
practice,10,2
prime,10,2
reshaping,10,2
revolution,10,2
russia,10,2
russian,10,2
set,10,2
toft,10,2
action,9,2
americanpolitics,9,2
armed,9,2
basis,9,2
bodies,9,2
british,9,2
cases,9,2
cfm,9,2
city,9,2
class,9,2
content,9,2
control,9,2
convention,9,2
cultural,9,2
defaultsort,9,2
domestic,9,2
ethnic,9,2
family,9,2
fatf,9,2
february,9,2
feminists,9,2
growth,9,2
high,9,2
historical,9,2
insurgency,9,2
japan,9,2
justice,9,2
largely,9,2
learning,9,2
limited,9,2
make,9,2
movements,9,2
oecd,9,2
official,9,2
organizations,9,2
outpost,9,2
persons,9,2
politicalsociology,9,2
politician,9,2
positions,9,2
program,9,2
project,9,2
questions,9,2
referred,9,2
result,9,2
served,9,2
soviet,9,2
stanford,9,2
transition,9,2
utm,9,2
violations,9,2
anton,8,2
argues,8,2
assembly,8,2
authority,8,2
basic,8,2
belief,8,2
belt,8,2
benefit,8,2
brazil,8,2
campaign,8,2
choice,8,2
concept,8,2
concepts,8,2
constitution,8,2
counter,8,2
courts,8,2
crime,8,2
december,8,2
decision,8,2
decisions,8,2
economy,8,2
elected,8,2
faculty,8,2
female,8,2
field,8,2
france,8,2
french,8,2
frso,8,2
home,8,2
iga,8,2
involved,8,2
jpg,8,2
july,8,2
level,8,2
liberal,8,2
mission,8,2
newspaper,8,2
order,8,2
paragraph,8,2
partners,8,2
physical,8,2
plato,8,2
provide,8,2
published,8,2
recognized,8,2
reference,8,2
related,8,2
resolution,8,2
section,8,2
sense,8,2
socialist,8,2
source,8,2
stalin,8,2
support,8,2
thought,8,2
womens,8,2
works,8,2
21st,7,2
2nd,7,2
academic,7,2
active,7,2
activity,7,2
alter,7,2
april,7,2
broader,7,2
business,7,2
claim,7,2
classification,7,2
close,7,2
col,7,2
columbia,7,2
congress,7,2
corruption,7,2
crew,7,2
criminal,7,2
differential,7,2
early,7,2
earth,7,2
education,7,2
electoral,7,2
elements,7,2
entity,7,2
environmental,7,2
executive,7,2
fascism,7,2
findings,7,2
forces,7,2
framework,7,2
game,7,2
generally,7,2
georgetown,7,2
great,7,2
heads,7,2
higher,7,2
hill,7,2
hypothesis,7,2
idea,7,2
ideas,7,2
image,7,2
included,7,2
influenced,7,2
key,7,2
killing,7,2
large,7,2
latin,7,2
limits,7,2
majority,7,2
march,7,2
metaphor,7,2
method,7,2
michael,7,2
middle,7,2
natural,7,2
ngo,7,2
notion,7,2
numbers,7,2
officials,7,2
papers,7,2
peace,7,2
position,7,2
pre,7,2
professional,7,2
professor,7,2
reading,7,2
region,7,2
registers,7,2
reports,7,2
resources,7,2
review,7,2
rules,7,2
scholars,7,2
seek,7,2
services,7,2
sex,7,2
show,7,2
team,7,2
thumb,7,2
type,7,2
vol,7,2
voting,7,2
wave,7,2
won,7,2
word,7,2
young,7,2
account,6,2
acts,6,2
alliance,6,2
approach,6,2
associations,6,2
athens,6,2
attempt,6,2
back,6,2
bc,6,2
begin,6,2
campaigns,6,2
care,6,2
carolina,6,2
central,6,2
charter,6,2
colonies,6,2
commonly,6,2
consequences,6,2
constructed,6,2
contemporary,6,2
continued,6,2
criticized,6,2
dead,6,2
demographics,6,2
description,6,2
discourse,6,2
doc,6,2
documents,6,2
elections,6,2
elihu,6,2
environment,6,2
evidence,6,2
evolution,6,2
existence,6,2
face,6,2
functioning,6,2
gain,6,2
gallup,6,2
george,6,2
goals,6,2
hampshire,6,2
handbook,6,2
highly,6,2
identity,6,2
imposed,6,2
includes,6,2
int,6,2
interim,6,2
introduction,6,2
italy,6,2
jaxa,6,2
judicial,6,2
kings,6,2
lead,6,2
leading,6,2
leviathan,6,2
liberation,6,2
library,6,2
link,6,2
lobbyist,6,2
lower,6,2
macmillan,6,2
manned,6,2
marxists,6,2
meaning,6,2
minnesota,6,2
mofcom,6,2
moral,6,2
mou,6,2
needed,6,2
objective,6,2
oed,6,2
online,6,2
parents,6,2
partner,6,2
point,6,2
policies,6,2
powerful,6,2
principles,6,2
prison,6,2
psychological,6,2
publishing,6,2
quarterly,6,2
range,6,2
reaction,6,2
rescueeuregister,6,2
risk,6,2
road,6,2
rome,6,2
sanction,6,2
search,6,2
senior,6,2
serving,6,2
sneps,6,2
sociology,6,2
socrates,6,2
sovereignty,6,2
spinwatch,6,2
statute,6,2
systems,6,2
takes,6,2
text,6,2
traditional,6,2
univ,6,2
voluntary,6,2
washington,6,2
washingtonpost,6,2
ways,6,2
welfare,6,2
western,6,2
widespread,6,2
wilsoncenter1,6,2
youth,6,2
abortion,5,2
activists,5,2
activities,5,2
administrative,5,2
agenda,5,2
aggressive,5,2
agreement,5,2
agreements,5,2
applied,5,2
art,5,2
asia,5,2
attitudes,5,2
austria,5,2
banks,5,2
base,5,2
bias,5,2
bill,5,2
birth,5,2
brandeis,5,2
bulges,5,2
california,5,2
carried,5,2
categories,5,2
chambers,5,2
changed,5,2
chapter,5,2
chicano,5,2
companalysisholmana,5,2
comparative,5,2
complaints,5,2
compromise,5,2
concerns,5,2
conditions,5,2
conducted,5,2
conservative,5,2
considers,5,2
constituted,5,2
corporate,5,2
created,5,2
crimes,5,2
crisis,5,2
criticisms,5,2
critiques,5,2
davenport,5,2
davis,5,2
day,5,2
debates,5,2
decatur,5,2
definitions,5,2
demands,5,2
democracies,5,2
developed,5,2
diligence,5,2
disclosure,5,2
disease,5,2
docking,5,2
effects,5,2
efforts,5,2
end,5,2
eng,5,2
entry,5,2
equality,5,2
events,5,2
examples,5,2
exist,5,2
expectations,5,2
explicitly,5,2
federalist,5,2
fixed,5,2
formal,5,2
format,5,2
formed,5,2
governmental,5,2
guide,5,2
harvard,5,2
held,5,2
historically,5,2
houses,5,2
iast,5,2
iii,5,2
impairment,5,2
important,5,2
independent,5,2
india,5,2
investigation,5,2
involvement,5,2
israel,5,2
italian,5,2
jack,5,2
james,5,2
johnson,5,2
join,5,2
jones,5,2
joseph,5,2
journalism,5,2
king,5,2
knowledge,5,2
late,5,2
led,5,2
legislation,5,2
levels,5,2
man,5,2
manifest,5,2
membership,5,2
migration,5,2
minority,5,2
nationalities,5,2
negative,5,2
ngos,5,2
officer,5,2
owned,5,2
palgrave,5,2
pandering,5,2
partnership,5,2
period,5,2
perspective,5,2
peter,5,2
philosophers,5,2
played,5,2
policing,5,2
politicians,5,2
politicized,5,2
polity,5,2
poll,5,2
popular,5,2
postfeminism,5,2
potential,5,2
present,5,2
pro,5,2
produce,5,2
profession,5,2
protest,5,2
psychology,5,2
radical,5,2
radio,5,2
rates,5,2
reason,5,2
recent,5,2
repression,5,2
rhetoric,5,2
run,5,2
school,5,2
sciences,5,2
screening,5,2
seat,5,2
sentence,5,2
separate,5,2
service,5,2
significant,5,2
simply,5,2
small,5,2
spacecraft,5,2
specific,5,2
speech,5,2
sperm,5,2
stated,5,2
status,5,2
supreme,5,2
survey,5,2
talking,5,2
ten,5,2
terrorism,5,2
thomas,5,2
treatment,5,2
truth,5,2
universal,5,2
upper,5,2
vermont,5,2
verso,5,2
vi,5,2
votes,5,2
white,5,2
wikipedia,5,2
wrote,5,2
wto,5,2
ability,4,2
acting,4,2
advancing,4,2
advocacy,4,2
africa,4,2
agencies,4,2
aim,4,2
alleged,4,2
alley,4,2
angela,4,2
appeal,4,2
appeared,4,2
area,4,2
aspects,4,2
aspx,4,2
asserts,4,2
attorney,4,2
au,4,2
australia,4,2
balance,4,2
bank,4,2
believed,4,2
belmont,4,2
beneficial,4,2
bernard,4,2
branch,4,2
bush,4,2
cgi,4,2
charles,4,2
christian,4,2
civilian,4,2
civilizations,4,2
clash,4,2
code,4,2
commission,4,2
commonwealth,4,2
communist,4,2
company,4,2
comparativeanalysis,4,2
compliance,4,2
concluded,4,2
connecticut,4,2
contra,4,2
contract,4,2
corporation,4,2
creation,4,2
critics,4,2
dakota,4,2
deal,4,2
declaration,4,2
degree,4,2
designed,4,2
destiny,4,2
developing,4,2
direct,4,2
disabilities,4,2
disabled,4,2
district,4,2
dominant,4,2
drug,4,2
duhaime,4,2
eastern,4,2
editor,4,2
eds,4,2
elizabeth,4,2
emerged,4,2
emily,4,2
enforcement,4,2
engage,4,2
enter,4,2
entries,4,2
equal,4,2
ernst,4,2
estimated,4,2
ethnicity,4,2
europa,4,2
exception,4,2
experiment,4,2
extended,4,2
facts,4,2
fascist,4,2
federalism,4,2
figure,4,2
files,4,2
flood,4,2
forms,4,2
frequently,4,2
full,4,2
function,4,2
funds,4,2
geography,4,2
google,4,2
governing,4,2
governor,4,2
grounds,4,2
happened,4,2
hoff,4,2
https,4,2
ill,4,2
immigration,4,2
impairments,4,2
implementation,4,2
improve,4,2
increase,4,2
inequality,4,2
ingold,4,2
internet,4,2
introduced,4,2
jacques,4,2
jew,4,2
jstor,4,2
label,4,2
launch,4,2
legislatures,4,2
lightblue,4,2
lightgrey,4,2
limit,4,2
lobbycontrol,4,2
loss,4,2
machine,4,2
magazine,4,2
mark,4,2
mars500,4,2
marxism,4,2
massachusetts,4,2
maximum,4,2
mcrobbie,4,2
memorandum,4,2
men,4,2
message,4,2
methodology,4,2
methods,4,2
million,4,2
mind,4,2
mir,4,2
module,4,2
monarchy,4,2
monitor,4,2
mortality,4,2
nationalist,4,2
neil,4,2
nl,4,2
notes,4,2
observers,4,2
oceania,4,2
officially,4,2
opening,4,2
operations,4,2
opponents,4,2
opposed,4,2
oppression,4,2
orbital,4,2
original,4,2
originally,4,2
outline,4,2
overview,4,2
ownership,4,2
panel,4,2
parliaments,4,2
peloponnesian,4,2
pennsylvania,4,2
permanent,4,2
pg,4,2
phrase,4,2
plan,4,2
postfeminist,4,2
powers,4,2
practitioners,4,2
pressure,4,2
prevailing,4,2
princeton,4,2
problem,4,2
problems,4,2
prof,4,2
prominent,4,2
proposed,4,2
protection,4,2
puppet,4,2
purpose,4,2
quebec,4,2
quote,4,2
race,4,2
ranking,4,2
reality,4,2
refers,4,2
relating,4,2
relationship,4,2
relevant,4,2
representative,4,2
representing,4,2
rescue,4,2
resignation,4,2
response,4,2
resulted,4,2
results,4,2
revolutionary,4,2
royal,4,2
ruth,4,2
rwanda,4,2
schedule,4,2
scrutiny,4,2
segment,4,2
selected,4,2
shared,4,2
shenzhou,4,2
sides,4,2
site,4,2
skirbekk,4,2
sociological,4,2
sommers,4,2
sort,4,2
soyuz,4,2
span,4,2
special,4,2
specifically,4,2
spouse,4,2
stable,4,2
statement,4,2
strategy,4,2
strong,4,2
struggle,4,2
subjects,4,2
supranational,4,2
susan,4,2
svg,4,2
tend,4,2
terminology,4,2
test,4,2
thefreedictionary,4,2
topics,4,2
toronto,4,2
treasury,4,2
TRUE,4,2
truman,4,2
twentieth,4,2
twenty,4,2
types,4,2
ultimately,4,2
version,4,2
victims,4,2
violation,4,2
virginia,4,2
wadsworth,4,2
wikitable,4,2
wp,4,2
wright,4,2
written,4,2
