art,498,0
arts,204,0
amp,177,0
cultural,159,0
culture,109,0
work,89,0
category,86,0
title,75,0
artists,72,0
painting,71,0
mural,69,0
murals,66,0
fine,65,0
patronage,64,0
music,62,0
jpg,59,0
term,58,0
university,58,0
press,57,0
date,55,0
artist,51,0
history,51,0
isbn,51,0
artistic,50,0
community,50,0
publisher,50,0
works,50,0
world,50,0
high,49,0
id,48,0
social,48,0
film,46,0
thumb,46,0
york,45,0
visual,44,0
wall,43,0
economics,41,0
public,40,0
sculpture,40,0
human,39,0
management,39,0
political,39,0
design,38,0
accessdate,37,0
resources,37,0
web,37,0
google,36,0
image,36,0
file,35,0
century,34,0
references,34,0
theatre,34,0
form,33,0
study,33,0
jealousy,32,0
popular,32,0
heritage,31,0
people,30,0
place,30,0
main,29,0
media,28,0
traditional,28,0
national,27,0
considered,26,0
literature,26,0
technology,26,0
article,25,0
body,25,0
drawing,25,0
forms,25,0
performance,25,0
system,25,0
author,24,0
large,24,0
part,24,0
aesthetic,23,0
including,23,0
journal,23,0
london,23,0
practice,23,0
applied,22,0
archaeology,22,0
education,22,0
license,22,0
made,22,0
market,22,0
painted,22,0
photography,22,0
studies,22,0
time,22,0
tribal,22,0
united,22,0
architecture,21,0
important,21,0
john,21,0
links,21,0
page,21,0
performing,21,0
reflist,21,0
states,21,0
college,20,0
contemporary,20,0
david,20,0
figure,20,0
historic,20,0
left,20,0
museum,20,0
paper,20,0
php,20,0
resource,20,0
times,20,0
aesthetics,19,0
american,19,0
include,19,0
law,19,0
life,19,0
pg,19,0
based,18,0
city,18,0
dance,18,0
gallery,18,0
good,18,0
historical,18,0
modern,18,0
theory,18,0
western,18,0
ancient,17,0
artwork,17,0
called,17,0
common,17,0
movement,17,0
net,17,0
number,17,0
research,17,0
state,17,0
created,16,0
english,16,0
graffiti,16,0
interdisciplinary,16,0
patron,16,0
physical,16,0
street,16,0
subject,16,0
archaeological,15,0
chicago,15,0
commercial,15,0
concept,15,0
conceptual,15,0
creative,15,0
criticism,15,0
defaultsort,15,0
digital,15,0
economic,15,0
edition,15,0
general,15,0
original,15,0
science,15,0
subjects,15,0
case,14,0
concerned,14,0
cost,14,0
europe,14,0
external,14,0
institutions,14,0
politics,14,0
private,14,0
referred,14,0
robert,14,0
series,14,0
theme,14,0
tradition,14,0
urban,14,0
william,14,0
academic,13,0
architectural,13,0
building,13,0
columbia,13,0
cultures,13,0
definition,13,0
ed,13,0
environmental,13,0
examples,13,0
government,13,0
hand,13,0
higher,13,0
individual,13,0
landscape,13,0
local,13,0
man,13,0
mfa,13,0
museums,13,0
paintings,13,0
product,13,0
september,13,0
small,13,0
students,13,0
style,13,0
thomas,13,0
video,13,0
walls,13,0
audience,12,0
congress,12,0
february,12,0
institute,12,0
involves,12,0
jewish,12,0
major,12,0
make,12,0
nature,12,0
object,12,0
online,12,0
piece,12,0
power,12,0
present,12,0
produced,12,0
production,12,0
products,12,0
reality,12,0
school,12,0
sense,12,0
sites,12,0
society,12,0
specific,12,0
spirit,12,0
studio,12,0
support,12,0
systems,12,0
abstract,11,0
areas,11,0
california,11,0
class,11,0
classical,11,0
context,11,0
designed,11,0
dictionary,11,0
drama,11,0
engineering,11,0
exhibition,11,0
experience,11,0
famous,11,0
free,11,0
fresco,11,0
goods,11,0
htm,11,0
includes,11,0
index,11,0
intangible,11,0
international,11,0
japan,11,0
kind,11,0
letters,11,0
making,11,0
mass,11,0
members,11,0
method,11,0
objects,11,0
oil,11,0
oxford,11,0
paint,11,0
places,11,0
play,11,0
related,11,0
renaissance,11,0
rome,11,0
schools,11,0
sector,11,0
show,11,0
similar,11,0
status,11,0
surface,11,0
themes,11,0
act,10,0
area,10,0
aspects,10,0
beauty,10,0
cambridge,10,0
church,10,0
cinema,10,0
commonly,10,0
computer,10,0
crm,10,0
duchamp,10,0
expression,10,0
FALSE,10,0
field,10,0
great,10,0
https,10,0
images,10,0
independent,10,0
introduction,10,0
issue,10,0
kl,10,0
library,10,0
location,10,0
march,10,0
merit,10,0
motion,10,0
nbsp,10,0
needed,10,0
paul,10,0
peter,10,0
preservation,10,0
result,10,0
rivera,10,0
role,10,0
roman,10,0
royal,10,0
springer,10,0
technique,10,0
theater,10,0
ver,10,0
word,10,0
working,10,0
worlds,10,0
april,9,0
berlin,9,0
billy,9,0
british,9,0
business,9,0
calligraphy,9,0
canvas,9,0
col,9,0
collection,9,0
commission,9,0
companies,9,0
content,9,0
control,9,0
create,9,0
defined,9,0
degree,9,0
degrees,9,0
diego,9,0
distinction,9,0
early,9,0
effect,9,0
encyclopedia,9,0
engineers,9,0
european,9,0
experiments,9,0
folk,9,0
found,9,0
games,9,0
garden,9,0
industry,9,0
involved,9,0
issues,9,0
king,9,0
labour,9,0
language,9,0
late,9,0
ma,9,0
means,9,0
medium,9,0
northern,9,0
philosophy,9,0
pieces,9,0
plaster,9,0
pp,9,0
print,9,0
printed,9,0
printmaking,9,0
programs,9,0
quality,9,0
quote,9,0
reading,9,0
real,9,0
refer,9,0
refers,9,0
return,9,0
review,9,0
san,9,0
service,9,0
sociology,9,0
stories,9,0
syndrome,9,0
taste,9,0
techniques,9,0
writers,9,0
19th,8,0
britannica,8,0
buildings,8,0
center,8,0
change,8,0
chief,8,0
christian,8,0
citation,8,0
conference,8,0
countries,8,0
court,8,0
creating,8,0
describe,8,0
description,8,0
developed,8,0
dramatic,8,0
elements,8,0
end,8,0
fashion,8,0
films,8,0
financial,8,0
french,8,0
gifted,8,0
held,8,0
ideas,8,0
instance,8,0
invention,8,0
ireland,8,0
july,8,0
knowledge,8,0
led,8,0
literary,8,0
maria,8,0
methods,8,0
musical,8,0
natural,8,0
news,8,0
onepage,8,0
open,8,0
organization,8,0
painters,8,0
pavilion,8,0
printing,8,0
profit,8,0
program,8,0
project,8,0
reference,8,0
shakman,8,0
showpiece,8,0
site,8,0
source,8,0
star,8,0
stendhal,8,0
structure,8,0
text,8,0
today,8,0
typically,8,0
usage,8,0
village,8,0
volume,8,0
water,8,0
1960s,7,0
2nd,7,0
academia,7,0
academy,7,0
admissions,7,0
analysis,7,0
appreciation,7,0
arnold,7,0
baumol,7,0
bc,7,0
becker,7,0
broader,7,0
central,7,0
chieftains,7,0
communication,7,0
communities,7,0
courses,7,0
crafts,7,0
custom,7,0
development,7,0
di,7,0
east,7,0
england,7,0
fields,7,0
florence,7,0
foundation,7,0
frank,7,0
frequently,7,0
game,7,0
generally,7,0
glass,7,0
graphic,7,0
group,7,0
groups,7,0
house,7,0
idea,7,0
il,7,0
impact,7,0
included,7,0
income,7,0
indigenous,7,0
information,7,0
installation,7,0
intended,7,0
interest,7,0
items,7,0
jel,7,0
kerber,7,0
legislation,7,0
level,7,0
love,7,0
machine,7,0
martin,7,0
michael,7,0
mind,7,0
movie,7,0
opera,7,0
patrons,7,0
person,7,0
president,7,0
price,7,0
primarily,7,0
process,7,0
professional,7,0
projects,7,0
property,7,0
register,7,0
relationship,7,0
retrieved,7,0
sciences,7,0
section,7,0
shakespeare,7,0
side,7,0
south,7,0
space,7,0
stone,7,0
stub,7,0
terms,7,0
tile,7,0
tree,7,0
tweed,7,0
view,7,0
ways,7,0
west,7,0
wikipedia,7,0
writing,7,0
1990s,6,0
20th,6,0
america,6,0
anna,6,0
anthropology,6,0
anthropotechnic,6,0
appointments,6,0
archive,6,0
archives,6,0
artworks,6,0
association,6,0
august,6,0
bad,6,0
boston,6,0
capital,6,0
cases,6,0
centuries,6,0
cgi,6,0
chapter,6,0
choice,6,0
classification,6,0
coast,6,0
collections,6,0
critic,6,0
current,6,0
defacement,6,0
define,6,0
department,6,0
distribution,6,0
documents,6,0
due,6,0
emotion,6,0
environment,6,0
eric,6,0
establish,6,0
feast,6,0
figures,6,0
fountain,6,0
france,6,0
genres,6,0
give,6,0
gov,6,0
graduate,6,0
growth,6,0
hollywood,6,0
identity,6,0
immersion,6,0
india,6,0
industries,6,0
interactive,6,0
internet,6,0
item,6,0
joseph,6,0
keith,6,0
kinds,6,0
larger,6,0
latin,6,0
limited,6,0
lines,6,0
living,6,0
long,6,0
magazine,6,0
marcel,6,0
mark,6,0
markets,6,0
material,6,0
max,6,0
meaning,6,0
mexico,6,0
michelangelo,6,0
money,6,0
mosaic,6,0
muralists,6,0
ndash,6,0
notes,6,0
oak,6,0
office,6,0
offices,6,0
organizations,6,0
paris,6,0
period,6,0
poetry,6,0
positions,6,0
printsec,6,0
protection,6,0
rainer,6,0
reader,6,0
richard,6,0
rise,6,0
room,6,0
scholar,6,0
search,6,0
showing,6,0
size,6,0
special,6,0
specifically,6,0
summary,6,0
tend,6,0
tiles,6,0
top,6,0
traditions,6,0
type,6,0
universities,6,0
war,6,0
wiley,6,0
written,6,0
22cultural,5,0
accepted,5,0
activity,5,0
added,5,0
age,5,0
agencies,5,0
al,5,0
alexander,5,0
angeles,5,0
animal,5,0
animation,5,0
approaches,5,0
arabic,5,0
argued,5,0
artworld,5,0
australia,5,0
began,5,0
black,5,0
blackwell,5,0
career,5,0
centre,5,0
ceramic,5,0
characters,5,0
chinese,5,0
civil,5,0
civilization,5,0
classics,5,0
codes,5,0
colleges,5,0
colors,5,0
company,5,0
compared,5,0
completed,5,0
conservation,5,0
construction,5,0
conventions,5,0
copy,5,0
copyright,5,0
critics,5,0
damage,5,0
danto,5,0
decrees,5,0
demand,5,0
depiction,5,0
describes,5,0
details,5,0
directly,5,0
dq,5,0
earn,5,0
eastern,5,0
economy,5,0
edited,5,0
electronic,5,0
entertainment,5,0
established,5,0
eugene,5,0
evenings,5,0
existence,5,0
existing,5,0
family,5,0
federal,5,0
festival,5,0
focus,5,0
full,5,0
functional,5,0
golf,5,0
greek,5,0
henry,5,0
home,5,0
hours,5,0
howard,5,0
humans,5,0
importance,5,0
influence,5,0
influential,5,0
inside,5,0
interaction,5,0
interior,5,0
introduced,5,0
italian,5,0
jobs,5,0
jurisdiction,5,0
kontextkunst,5,0
land,5,0
langlois,5,0
latzke,5,0
lcoastpress,5,0
leader,5,0
liberal,5,0
line,5,0
los,5,0
low,5,0
lower,5,0
marriage,5,0
maya,5,0
mechanical,5,0
men,5,0
mexican,5,0
mit,5,0
model,5,0
mosque,5,0
movements,5,0
multiple,5,0
official,5,0
order,5,0
oriented,5,0
palace,5,0
park,5,0
participatory,5,0
parts,5,0
party,5,0
past,5,0
peoples,5,0
pepsi,5,0
perceived,5,0
performances,5,0
personal,5,0
phenomenon,5,0
philippines,5,0
picture,5,0
pigment,5,0
planning,5,0
point,5,0
portfolio,5,0
potential,5,0
practical,5,0
presented,5,0
primary,5,0
proportions,5,0
provide,5,0
publishing,5,0
quebec,5,0
realism,5,0
recent,5,0
recognized,5,0
regional,5,0
relational,5,0
religious,5,0
rich,5,0
rowman,5,0
scene,5,0
scholars,5,0
shape,5,0
short,5,0
significant,5,0
simply,5,0
single,5,0
smith,5,0
soul,5,0
sources,5,0
soviet,5,0
spaces,5,0
spirits,5,0
stanford,5,0
story,5,0
tangible,5,0
taylor,5,0
television,5,0
theories,5,0
things,5,0
toronto,5,0
tourism,5,0
traditionally,5,0
training,5,0
trompe,5,0
TRUE,5,0
unique,5,0
upper,5,0
upright,5,0
virtual,5,0
white,5,0
widely,5,0
wstitle,5,0
zaken,5,0
9th,4,0
ability,4,0
access,4,0
acra,4,0
action,4,0
actors,4,0
adams,4,0
adar,4,0
add,4,0
addition,4,0
advertising,4,0
africa,4,0
aimed,4,0
alan,4,0
allowed,4,0
americana,4,0
anthropotechnics,4,0
appoint,4,0
approach,4,0
archaeologists,4,0
artes,4,0
asp,4,0
aspx,4,0
assets,4,0
attached,4,0
attempt,4,0
authorlink,4,0
authors,4,0
bartolo,4,0
basis,4,0
battle,4,0
beginning,4,0
big,4,0
boss,4,0
bowen,4,0
br,4,0
bragg,4,0
brill,4,0
britain,4,0
broad,4,0
camera,4,0
carving,4,0
ceiling,4,0
centers,4,0
ceramics,4,0
chalk,4,0
characteristics,4,0
china,4,0
christiane,4,0
christopher,4,0
chronicle,4,0
chronology,4,0
classes,4,0
classic,4,0
colbegin,4,0
colend,4,0
collaboration,4,0
collaborations,4,0
colombian,4,0
commissioned,4,0
commissions,4,0
commons,4,0
concerns,4,0
conditions,4,0
contract,4,0
cook,4,0
corruption,4,0
craft,4,0
creation,4,0
criteria,4,0
critical,4,0
cut,4,0
da,4,0
dada,4,0
daily,4,0
day,4,0
dead,4,0
decorative,4,0
democratic,4,0
depicting,4,0
der,4,0
designs,4,0
determine,4,0
determined,4,0
detroit,4,0
dictionaryofeconomics,4,0
differences,4,0
dimension,4,0
dimensional,4,0
disambiguation,4,0
disciplines,4,0
display,4,0
distinguishing,4,0
div,4,0
diverse,4,0
document,4,0
dominated,4,0
dry,4,0
dynamic,4,0
eds,4,0
egg,4,0
encaustic,4,0
era,4,0
ericextsearch,4,0
es,4,0
essential,4,0
events,4,0
evidence,4,0
experienced,4,0
experts,4,0
fact,4,0
faile,4,0
features,4,0
find,4,0
fixed,4,0
folklore,4,0
fondation,4,0
formal,4,0
frescography,4,0
friends,4,0
frith,4,0
funded,4,0
gaps,4,0
gaze,4,0
gbs,4,0
genre,4,0
george,4,0
global,4,0
graves,4,0
ground,4,0
hall,4,0
helped,4,0
highly,4,0
historically,4,0
hudson,4,0
ideal,4,0
increased,4,0
individuals,4,0
info,4,0
ink,4,0
innovative,4,0
investment,4,0
jade,4,0
jealous,4,0
jos,4,0
jsp,4,0
judgment,4,0
juilliard,4,0
kairouan,4,0
kent,4,0
kerala,4,0
key,4,0
kurdish,4,0
kurdistan,4,0
largely,4,0
larry,4,0
laws,4,0
le,4,0
leonardo,4,0
list,4,0
live,4,0
lives,4,0
manav,4,0
mari,4,0
master,4,0
mechanic,4,0
mediavilla,4,0
medicine,4,0
medieval,4,0
metal,4,0
middle,4,0
mikhail,4,0
mirror,4,0
moli,4,0
moral,4,0
nechvatal,4,0
notable,4,0
noted,4,0
november,4,0
numpage,4,0
oakland,4,0
oeuvre,4,0
offers,4,0
oliver,4,0
oral,4,0
ordinary,4,0
orozco,4,0
palgrave,4,0
pay,4,0
pde2008,4,0
pdf,4,0
pennsylvania,4,0
phd,4,0
philadelphia,4,0
philip,4,0
photographs,4,0
photos,4,0
pictures,4,0
pl,4,0
policies,4,0
policy,4,0
portal,4,0
portuguese,4,0
poster,4,0
pounced,4,0
pre,4,0
presentation,4,0
prices,4,0
prints,4,0
produce,4,0
productivity,4,0
promotion,4,0
protect,4,0
publishers,4,0
qualities,4,0
range,4,0
rate,4,0
recognition,4,0
regarded,4,0
relation,4,0
remains,4,0
res,4,0
rest,4,0
results,4,0
rock,4,0
rosen,4,0
routledge,4,0
running,4,0
rural,4,0
saint,4,0
scheme,4,0
scotland,4,0
shared,4,0
shown,4,0
sign,4,0
simon,4,0
siqueiros,4,0
sound,4,0
sponsor,4,0
spread,4,0
station,4,0
steve,4,0
structural,4,0
styles,4,0
stylized,4,0
subsidies,4,0
successful,4,0
sums,4,0
supreme,4,0
survival,4,0
sutton,4,0
swan,4,0
tains,4,0
tate,4,0
team,4,0
technical,4,0
technologies,4,0
teresa,4,0
thames,4,0
thornton,4,0
thought,4,0
tool,4,0
topicid,4,0
trade,4,0
translation,4,0
trend,4,0
twelve,4,0
tymieniecka,4,0
types,4,0
ucas,4,0
unknown,4,0
variety,4,0
vehicle,4,0
verlag,4,0
version,4,0
victor,4,0
victoria,4,0
views,4,0
vinci,4,0
washington,4,0
wide,4,0
wider,4,0
wiktionary,4,0
wood,4,0
yale,4,0
history,1302,1
historical,184,1
main,144,1
title,133,1
amp,122,1
world,117,1
category,103,1
study,99,1
ancient,95,1
time,93,1
publisher,91,1
isbn,80,1
modern,74,1
university,74,1
century,73,1
age,71,1
period,70,1
past,68,1
press,67,1
science,64,1
local,62,1
social,60,1
europe,57,1
date,55,1
marine,54,1
early,53,1
united,53,1
cultural,52,1
historians,52,1
id,52,1
timeline,52,1
journal,51,1
war,51,1
states,50,1
accessdate,49,1
political,48,1
theory,48,1
intellectual,46,1
google,43,1
sociology,43,1
writing,43,1
antiquarian,42,1
chronology,42,1
people,42,1
antiquaries,41,1
era,41,1
historiography,41,1
ideas,41,1
work,41,1
events,40,1
society,40,1
south,40,1
middle,39,1
america,38,1
biology,38,1
national,38,1
bc,37,1
culture,37,1
indigenous,37,1
studies,37,1
philosophy,36,1
john,35,1
anachronism,34,1
church,34,1
roman,34,1
art,33,1
economic,33,1
empire,33,1
oxford,33,1
revolution,33,1
location,32,1
republic,32,1
research,32,1
western,32,1
asia,31,1
dynasty,31,1
pg,31,1
web,31,1
american,30,1
ocean,30,1
page,30,1
english,29,1
general,29,1
peoples,29,1
place,29,1
archaeology,28,1
great,28,1
knowledge,28,1
language,28,1
life,28,1
list,28,1
military,28,1
north,28,1
questions,28,1
sources,28,1
state,28,1
ages,27,1
discussions,27,1
field,27,1
harv,27,1
lost,27,1
present,27,1
historian,26,1
natural,26,1
texts,26,1
topic,26,1
east,25,1
human,25,1
interpretation,25,1
late,25,1
pp,25,1
revd,25,1
sea,25,1
works,25,1
written,25,1
30em,24,1
authorlink,24,1
bce,24,1
china,24,1
jpg,24,1
london,24,1
references,24,1
technology,24,1
york,24,1
africa,23,1
charles,23,1
context,23,1
information,23,1
thumb,23,1
william,23,1
analysis,22,1
centuries,22,1
classical,22,1
egypt,22,1
historic,22,1
island,22,1
recorded,22,1
records,22,1
source,22,1
author,21,1
central,21,1
col,21,1
colbegin,21,1
colend,21,1
film,21,1
important,21,1
literature,21,1
primary,21,1
term,21,1
antiquary,20,1
based,20,1
cambridge,20,1
change,20,1
file,20,1
international,20,1
method,20,1
pdf,20,1
sciences,20,1
volume,20,1
cognitive,19,1
common,19,1
developed,19,1
education,19,1
england,19,1
evidence,19,1
found,19,1
global,19,1
industrial,19,1
kingdom,19,1
made,19,1
music,19,1
nbsp,19,1
small,19,1
view,19,1
19th,18,1
arts,18,1
calendar,18,1
crusade,18,1
deep,18,1
european,18,1
french,18,1
greek,18,1
guide,18,1
india,18,1
james,18,1
links,18,1
marmaras,18,1
medieval,18,1
methods,18,1
reflist,18,1
renaissance,18,1
rome,18,1
students,18,1
terms,18,1
text,18,1
warfare,18,1
wars,18,1
academic,17,1
australia,17,1
city,17,1
concept,17,1
contemporary,17,1
development,17,1
discipline,17,1
doi,17,1
environmental,17,1
histories,17,1
individuals,17,1
introduction,17,1
prehistory,17,1
russia,17,1
thought,17,1
anachronisms,16,1
antiquity,16,1
archaeological,16,1
began,16,1
bishop,16,1
discovery,16,1
discussion,16,1
ed,16,1
existed,16,1
france,16,1
george,16,1
germany,16,1
high,16,1
including,16,1
library,16,1
literary,16,1
participants,16,1
periods,16,1
region,16,1
scientific,16,1
systems,16,1
thomas,16,1
times,16,1
trade,16,1
xtf,16,1
criticism,15,1
decay,15,1
form,15,1
issue,15,1
latin,15,1
leaders,15,1
project,15,1
theories,15,1
victoria,15,1
20th,14,1
al,14,1
article,14,1
chapter,14,1
countries,14,1
cultures,14,1
end,14,1
interpretive,14,1
material,14,1
places,14,1
public,14,1
resources,14,1
semiotics,14,1
sense,14,1
teaching,14,1
antiquarianism,13,1
british,13,1
contexts,13,1
exploration,13,1
external,13,1
first2,13,1
generation,13,1
internet,13,1
japan,13,1
last2,13,1
left,13,1
part,13,1
prehistoric,13,1
process,13,1
psychology,13,1
reading,13,1
set,13,1
subject,13,1
theatre,13,1
18th,12,1
ad,12,1
called,12,1
critical,12,1
dating,12,1
defaultsort,12,1
documents,12,1
edition,12,1
elegant,12,1
generally,12,1
idea,12,1
include,12,1
interest,12,1
linguistics,12,1
major,12,1
meaning,12,1
number,12,1
online,12,1
practice,12,1
published,12,1
refer,12,1
reference,12,1
robert,12,1
russian,12,1
scholars,12,1
societies,12,1
type,12,1
vol,12,1
accounts,11,1
antiquarians,11,1
artifacts,11,1
chronological,11,1
chronologies,11,1
citation,11,1
civilization,11,1
collections,11,1
communication,11,1
considered,11,1
continent,11,1
dictionary,11,1
disciplines,11,1
first1,11,1
globalization,11,1
greece,11,1
groups,11,1
islands,11,1
large,11,1
law,11,1
narrative,11,1
neos,11,1
news,11,1
november,11,1
oceans,11,1
politics,11,1
professor,11,1
recent,11,1
related,11,1
religion,11,1
richard,11,1
separate,11,1
services,11,1
sir,11,1
soviet,11,1
specific,11,1
standards,11,1
system,11,1
topics,11,1
16th,10,1
battle,10,1
biodiversity,10,1
britain,10,1
ce,10,1
christ,10,1
concepts,10,1
day,10,1
debate,10,1
depression,10,1
due,10,1
earliest,10,1
eds,10,1
eras,10,1
facts,10,1
founded,10,1
impact,10,1
interpretations,10,1
ireland,10,1
jeffrey,10,1
levinton,10,1
lib,10,1
lists,10,1
madrid,10,1
monuments,10,1
object,10,1
order,10,1
outline,10,1
peter,10,1
physical,10,1
record,10,1
recording,10,1
relations,10,1
religious,10,1
researchers,10,1
secondary,10,1
site,10,1
sites,10,1
technological,10,1
understanding,10,1
union,10,1
virginia,10,1
water,10,1
aesthetic,9,1
aristotle,9,1
back,9,1
bbc,9,1
bronze,9,1
cases,9,1
civilizations,9,1
collection,9,1
concerned,9,1
david,9,1
earth,9,1
eastern,9,1
established,9,1
fact,9,1
fall,9,1
figures,9,1
focus,9,1
german,9,1
glossary,9,1
haroutunian,9,1
held,9,1
humanities,9,1
ii,9,1
image,9,1
journals,9,1
king,9,1
labor,9,1
land,9,1
living,9,1
northern,9,1
parts,9,1
perspectives,9,1
point,9,1
post,9,1
professional,9,1
provide,9,1
question,9,1
restoration,9,1
scale,9,1
school,9,1
scientists,9,1
significant,9,1
stone,9,1
supercontinent,9,1
thinking,9,1
tilly,9,1
types,9,1
ways,9,1
1960s,8,1
account,8,1
americas,8,1
architecture,8,1
archive,8,1
arthur,8,1
begins,8,1
building,8,1
chinese,8,1
classification,8,1
collective,8,1
college,8,1
corpuz,8,1
dates,8,1
dichist,8,1
docid,8,1
economies,8,1
editor,8,1
emergence,8,1
empirical,8,1
enlightenment,8,1
environment,8,1
explore,8,1
family,8,1
fiction,8,1
fields,8,1
future,8,1
gender,8,1
government,8,1
group,8,1
historically,8,1
house,8,1
humanism,8,1
ibn,8,1
index,8,1
individual,8,1
inscriptions,8,1
june,8,1
kingdoms,8,1
legal,8,1
levine,8,1
long,8,1
make,8,1
michael,8,1
momigliano,8,1
nation,8,1
neolithic,8,1
path,8,1
perspective,8,1
poetry,8,1
popular,8,1
publishing,8,1
pursuit,8,1
regions,8,1
review,8,1
side,8,1
spanish,8,1
structures,8,1
style,8,1
tauli,8,1
tei,8,1
textbooks,8,1
things,8,1
today,8,1
TRUE,8,1
understand,8,1
venice,8,1
widely,8,1
working,8,1
anthony,7,1
anthropology,7,1
area,7,1
areas,7,1
astronomy,7,1
body,7,1
carras,7,1
christianity,7,1
contributions,7,1
control,7,1
council,7,1
country,7,1
county,7,1
data,7,1
december,7,1
develop,7,1
diplomatic,7,1
ecology,7,1
effect,7,1
encourage,7,1
encyclopedia,7,1
examples,7,1
famous,7,1
forms,7,1
function,7,1
historia,7,1
htm,7,1
humans,7,1
iii,7,1
included,7,1
info,7,1
italy,7,1
jurassic,7,1
kind,7,1
korea,7,1
last1,7,1
limited,7,1
link,7,1
macro,7,1
mass,7,1
mathematics,7,1
media,7,1
mid,7,1
movement,7,1
names,7,1
nationalization,7,1
network,7,1
notable,7,1
objects,7,1
observations,7,1
oceania,7,1
oral,7,1
organization,7,1
painting,7,1
paradigm,7,1
paul,7,1
person,7,1
philip,7,1
policy,7,1
postscript,7,1
pre,7,1
precambrian,7,1
processes,7,1
pseudohistory,7,1
publication,7,1
refers,7,1
result,7,1
scholarship,7,1
scotland,7,1
sequence,7,1
spain,7,1
speech,7,1
techniques,7,1
tertiary,7,1
textual,7,1
tradition,7,1
traditions,7,1
transport,7,1
ukraine,7,1
values,7,1
views,7,1
visual,7,1
word,7,1
writings,7,1
accepted,6,1
activities,6,1
addition,6,1
adopted,6,1
aesthetics,6,1
agreement,6,1
anglican,6,1
annals,6,1
april,6,1
atlantic,6,1
baltica,6,1
beginning,6,1
bias,6,1
big,6,1
business,6,1
carolingian,6,1
case,6,1
cathedral,6,1
christian,6,1
chronicle,6,1
civil,6,1
coauthors,6,1
columbian,6,1
commonly,6,1
communities,6,1
community,6,1
comparative,6,1
computational,6,1
conceptual,6,1
cook,6,1
created,6,1
current,6,1
curriculum,6,1
daniel,6,1
darwin,6,1
defined,6,1
descriptions,6,1
diocese,6,1
edward,6,1
elias,6,1
espa,6,1
ethics,6,1
findings,6,1
formed,6,1
foundation,6,1
fourth,6,1
francis,6,1
genealogy,6,1
geography,6,1
gordon,6,1
gov,6,1
grafton,6,1
importance,6,1
includes,6,1
increased,6,1
increasingly,6,1
institute,6,1
invention,6,1
islam,6,1
italian,6,1
jstor,6,1
led,6,1
level,6,1
located,6,1
making,6,1
man,6,1
march,6,1
marinebio,6,1
martin,6,1
mediterranean,6,1
men,6,1
mesopotamia,6,1
originally,6,1
ottoman,6,1
paleolithic,6,1
pangea,6,1
passed,6,1
peninsula,6,1
personal,6,1
philology,6,1
pietersburg,6,1
plate,6,1
poland,6,1
porto,6,1
pragmatics,6,1
put,6,1
regional,6,1
religions,6,1
rev,6,1
rights,6,1
rise,6,1
schools,6,1
scott,6,1
script,6,1
search,6,1
semantics,6,1
speaking,6,1
star,6,1
stephen,6,1
studied,6,1
supper,6,1
teachers,6,1
thomson,6,1
tool,6,1
tosh,6,1
transformation,6,1
typically,6,1
ussr,6,1
ven,6,1
village,6,1
voyage,6,1
ward,6,1
website,6,1
westminster,6,1
woolf,6,1
writers,6,1
wto,6,1
zealand,6,1
added,5,1
advent,5,1
alvar,5,1
amazon,5,1
anderson,5,1
antiquities,5,1
appears,5,1
application,5,1
applied,5,1
approach,5,1
approaches,5,1
archival,5,1
archives,5,1
arnaldo,5,1
artefacts,5,1
articles,5,1
artifact,5,1
au,5,1
auxiliary,5,1
awareness,5,1
bacon,5,1
bank,5,1
begin,5,1
biblical,5,1
blackwell,5,1
brazil,5,1
broader,5,1
built,5,1
caesar,5,1
camden,5,1
camels,5,1
canada,5,1
celebrated,5,1
characterized,5,1
christopher,5,1
citations,5,1
class,5,1
close,5,1
collecting,5,1
colonial,5,1
communist,5,1
company,5,1
congo,5,1
connection,5,1
continental,5,1
core,5,1
customs,5,1
death,5,1
departments,5,1
dependence,5,1
des,5,1
describe,5,1
describes,5,1
dewey,5,1
dioceseofpretoria,5,1
disambiguation,5,1
distinct,5,1
document,5,1
earlier,5,1
ecological,5,1
educational,5,1
efforts,5,1
emerged,5,1
emerging,5,1
engage,5,1
es,5,1
espasa,5,1
essential,5,1
evolution,5,1
examination,5,1
examine,5,1
expedition,5,1
experience,5,1
expression,5,1
farmers,5,1
father,5,1
forest,5,1
formulated,5,1
franklin,5,1
full,5,1
gondwana,5,1
greater,5,1
greeks,5,1
hansen,5,1
herodotus,5,1
homo,5,1
identified,5,1
identify,5,1
imports,5,1
influential,5,1
initial,5,1
initiative,5,1
inquiry,5,1
institutions,5,1
intentional,5,1
interests,5,1
interior,5,1
interpret,5,1
invented,5,1
investigation,5,1
involved,5,1
iron,5,1
items,5,1
japanese,5,1
jerry,5,1
jin,5,1
key,5,1
khaldun,5,1
labs,5,1
lack,5,1
laurentia,5,1
learning,5,1
linked,5,1
logic,5,1
mander,5,1
manuscript,5,1
mark,5,1
marxist,5,1
massachusetts,5,1
means,5,1
members,5,1
menotti,5,1
mesoamerica,5,1
methodology,5,1
migration,5,1
millennium,5,1
models,5,1
movements,5,1
narratives,5,1
nationalism,5,1
nature,5,1
notes,5,1
ny,5,1
objective,5,1
official,5,1
older,5,1
open,5,1
organisms,5,1
origin,5,1
pacific,5,1
participation,5,1
pejorative,5,1
perception,5,1
periodization,5,1
philosophers,5,1
philosophical,5,1
phoenicians,5,1
poem,5,1
polokwane,5,1
polynesians,5,1
poor,5,1
postclassical,5,1
practices,5,1
pretoria,5,1
primarily,5,1
princeton,5,1
principle,5,1
print,5,1
prior,5,1
privatization,5,1
produced,5,1
progress,5,1
prominent,5,1
quality,5,1
range,5,1
read,5,1
reagan,5,1
reason,5,1
rectors,5,1
referred,5,1
regarded,5,1
remains,5,1
revolutionary,5,1
rochon,5,1
role,5,1
routledge,5,1
salemi,5,1
samples,5,1
scholarly,5,1
series,5,1
service,5,1
siberia,5,1
smith,5,1
sociologist,5,1
sociologists,5,1
sound,5,1
sourcebooks,5,1
southeast,5,1
statistics,5,1
strong,5,1
stuart,5,1
student,5,1
talk,5,1
technologies,5,1
ten,5,1
tethys,5,1
town,5,1
traditionally,5,1
trek,5,1
turn,5,1
typology,5,1
understood,5,1
unintentional,5,1
urban,5,1
vast,5,1
walter,5,1
widespread,5,1
workshop,5,1
access,4,1
accessed,4,1
acting,4,1
advancement,4,1
agriculture,4,1
alan,4,1
allowed,4,1
amateur,4,1
anachronistic,4,1
analyzed,4,1
antarctica,4,1
anti,4,1
approximately,4,1
arab,4,1
archaic,4,1
archivedate,4,1
archiveurl,4,1
arguments,4,1
aspects,4,1
association,4,1
assumptions,4,1
attention,4,1
audience,4,1
august,4,1
authority,4,1
authors,4,1
avalonia,4,1
basic,4,1
biography,4,1
boer,4,1
branch,4,1
broadly,4,1
buildings,4,1
california,4,1
capitalism,4,1
captain,4,1
caribbean,4,1
catalogue,4,1
catholic,4,1
changing,4,1
chicago,4,1
cities,4,1
clarendon,4,1
climate,4,1
clunas,4,1
cold,4,1
columbus,4,1
comedy,4,1
compiled,4,1
composed,4,1
conclusions,4,1
condita,4,1
congregation,4,1
connotation,4,1
constantin,4,1
contact,4,1
content,4,1
continents,4,1
contrasted,4,1
controversial,4,1
conversation,4,1
covers,4,1
creative,4,1
cuneiform,4,1
dangerous,4,1
dark,4,1
dean,4,1
deans,4,1
decades,4,1
denotation,4,1
design,4,1
detail,4,1
difference,4,1
discovered,4,1
domain,4,1
dp,4,1
dugdale,4,1
dunn,4,1
dustbin,4,1
dynasties,4,1
easter,4,1
edinburgh,4,1
effects,4,1
egyptian,4,1
ends,4,1
engineering,4,1
epigraphy,4,1
epistemology,4,1
essays,4,1
eurasia,4,1
evaluate,4,1
excerpt,4,1
exist,4,1
existing,4,1
expected,4,1
ezquerra,4,1
FALSE,4,1
figure,4,1
films,4,1
finberg,4,1
find,4,1
floor,4,1
focusing,4,1
food,4,1
foreign,4,1
format,4,1
g5sfaaaaiaaj,4,1
gage,4,1
gatt,4,1
genesis,4,1
genetic,4,1
geology,4,1
give,4,1
goal,4,1
gordan,4,1
governments,4,1
graham,4,1
growth,4,1
hand,4,1
happened,4,1
heritage,4,1
hist,4,1
hoare,4,1
holocaust,4,1
holy,4,1
hpr,4,1
illustrated,4,1
images,4,1
impacts,4,1
impossible,4,1
institution,4,1
intended,4,1
interested,4,1
interregnum,4,1
introduced,4,1
islamic,4,1
issues,4,1
jacques,4,1
joseph,4,1
judgement,4,1
julian,4,1
july,4,1
kevin,4,1
laid,4,1
languages,4,1
le,4,1
leading,4,1
libya,4,1
line,4,1
live,4,1
livy,4,1
macmillan,4,1
magazine,4,1
mahoney,4,1
marked,4,1
marmara,4,1
materials,4,1
meant,4,1
medicine,4,1
meiji,4,1
memory,4,1
mexican,4,1
miller,4,1
missing,4,1
mode,4,1
model,4,1
multi,4,1
multiple,4,1
murmann,4,1
muse,4,1
museum,4,1
nations,4,1
net,4,1
nla,4,1
northwest,4,1
npr,4,1
occur,4,1
oceanography,4,1
october,4,1
office,4,1
oldest,4,1
opening,4,1
opinions,4,1
organizations,4,1
organized,4,1
origins,4,1
outcomes,4,1
output,4,1
parachronism,4,1
participate,4,1
passages,4,1
patenting,4,1
perceived,4,1
phases,4,1
phenomena,4,1
phrase,4,1
policies,4,1
popmatters,4,1
population,4,1
possibly,4,1
power,4,1
prepared,4,1
presentism,4,1
presents,4,1
preserved,4,1
previously,4,1
private,4,1
product,4,1
production,4,1
prominence,4,1
proposed,4,1
purposes,4,1
quote,4,1
radiocarbon,4,1
received,4,1
recognition,4,1
relative,4,1
relics,4,1
response,4,1
revisionism,4,1
river,4,1
rp,4,1
sacred,4,1
samuel,4,1
scandinavia,4,1
seaway,4,1
section,4,1
security,4,1
september,4,1
settlement,4,1
seventeenth,4,1
shakespeare,4,1
shang,4,1
ship,4,1
show,4,1
shtml,4,1
skinner,4,1
song,4,1
specialized,4,1
species,4,1
specimens,4,1
speculative,4,1
started,4,1
stories,4,1
strategies,4,1
studying,4,1
subjects,4,1
sumerian,4,1
support,4,1
sweet,4,1
taking,4,1
taste,4,1
taught,4,1
teacher,4,1
tend,4,1
tended,4,1
tides,4,1
timelines,4,1
tools,4,1
top,4,1
trans,4,1
trends,4,1
truth,4,1
tyler,4,1
typical,4,1
universal,4,1
universities,4,1
urbe,4,1
uvabook,4,1
uvagentext,4,1
van,4,1
victor,4,1
vietnam,4,1
volumes,4,1
von,4,1
voyages,4,1
wider,4,1
williams,4,1
winter,4,1
women,4,1
womens,4,1
write,4,1
writes,4,1
wrote,4,1
wyville,4,1
political,259,2
amp,211,2
align,208,2
left,206,2
flagcountry,192,2
title,135,2
public,129,2
date,110,2
science,107,2
international,100,2
politics,100,2
nbsp,97,2
publisher,96,2
web,93,2
united,91,2
office,88,2
category,84,2
states,81,2
government,77,2
national,76,2
state,75,2
accessdate,73,2
press,63,2
space,59,2
law,54,2
relations,54,2
rights,54,2
theory,53,2
university,53,2
media,52,2
social,52,2
removed,51,2
general,47,2
isbn,47,2
world,47,2
population,46,2
opinion,45,2
war,44,2
leader,42,2
party,42,2
research,42,2
term,42,2
human,41,2
oxford,41,2
people,41,2
feminism,40,2
power,40,2
register,40,2
person,39,2
policy,39,2
question,39,2
york,39,2
demography,38,2
interest,36,2
journal,36,2
nasa,36,2
october,36,2
influence,35,2
studies,35,2
lobbying,34,2
members,34,2
references,34,2
society,34,2
station,34,2
american,33,2
body,33,2
countries,33,2
gov,32,2
disability,31,2
election,31,2
foreign,31,2
scientific,31,2
work,31,2
group,30,2
page,30,2
terms,30,2
legal,29,2
list,29,2
torture,29,2
br,28,2
canada,28,2
china,28,2
house,28,2
news,28,2
paul,28,2
spin,28,2
article,27,2
european,27,2
flow,27,2
history,27,2
issue,27,2
jewish,27,2
time,27,2
death,26,2
dictionary,26,2
mass,26,2
ndash,26,2
organisation,26,2
study,26,2
width,26,2
center,25,2
communication,25,2
lobby,25,2
model,25,2
nations,25,2
parliament,25,2
reflist,25,2
america,24,2
english,24,2
iss,24,2
medical,24,2
women,24,2
change,23,2
climate,23,2
jews,23,2
lazarsfeld,23,2
location,23,2
myth,23,2
organization,23,2
parliamentary,23,2
pdf,23,2
politic,23,2
security,23,2
author,22,2
debate,22,2
ed,22,2
eu,22,2
financial,22,2
main,22,2
step,22,2
agency,21,2
century,21,2
civil,21,2
cn,21,2
fact,21,2
htm,21,2
leaders,21,2
member,21,2
pep,21,2
religious,21,2
system,21,2
topic,21,2
transparency,21,2
modern,20,2
nation,20,2
part,20,2
personal,20,2
amnesty,19,2
based,19,2
esa,19,2
factions,19,2
groups,19,2
including,19,2
issues,19,2
senate,19,2
view,19,2
anti,18,2
association,18,2
authorlink,18,2
faction,18,2
feminist,18,2
form,18,2
individuals,18,2
life,18,2
made,18,2
number,18,2
police,18,2
act,17,2
conflict,17,2
court,17,2
include,17,2
index,17,2
information,17,2
john,17,2
parties,17,2
post,17,2
process,17,2
september,17,2
trade,17,2
economic,16,2
england,16,2
eric,16,2
federal,16,2
feyerabend,16,2
kaufmann,16,2
kingdom,16,2
nature,16,2
regulation,16,2
report,16,2
subject,16,2
analysis,15,2
canadian,15,2
considered,15,2
data,15,2
europe,15,2
genocide,15,2
london,15,2
operation,15,2
print,15,2
reform,15,2
role,15,2
room,15,2
volume,15,2
black,14,2
common,14,2
definition,14,2
democratic,14,2
doi,14,2
ethics,14,2
germany,14,2
health,14,2
id,14,2
lobbyists,14,2
money,14,2
style,14,2
african,13,2
age,13,2
archive,13,2
aronowitz,13,2
council,13,2
critical,13,2
culture,13,2
demographic,13,2
factional,13,2
gender,13,2
governments,13,2
ii,13,2
individual,13,2
institutions,13,2
interests,13,2
legislative,13,2
links,13,2
military,13,2
minister,13,2
movement,13,2
nationalism,13,2
net,13,2
north,13,2
politically,13,2
polls,13,2
president,13,2
religion,13,2
routledge,13,2
violence,13,2
behavior,12,2
capital,12,2
chinese,12,2
commons,12,2
country,12,2
current,12,2
defined,12,2
describe,12,2
due,12,2
exposed,12,2
factors,12,2
freedom,12,2
global,12,2
head,12,2
january,12,2
june,12,2
katz,12,2
language,12,2
lawyers,12,2
legislature,12,2
oup,12,2
penalty,12,2
punishment,12,2
representatives,12,2
serve,12,2
stanley,12,2
theories,12,2
times,12,2
understanding,12,2
views,12,2
william,12,2
wilson,12,2
120px,11,2
access,11,2
aging,11,2
background,11,2
brutality,11,2
called,11,2
citation,11,2
communications,11,2
community,11,2
criticism,11,2
david,11,2
democracy,11,2
development,11,2
edition,11,2
external,11,2
famine,11,2
focus,11,2
force,11,2
german,11,2
goldstone,11,2
industry,11,2
institute,11,2
laundering,11,2
making,11,2
mandatory,11,2
means,11,2
november,11,2
otis,11,2
peps,11,2
php,11,2
place,11,2
pp,11,2
pr,11,2
presidential,11,2
programme,11,2
regulations,11,2
robert,11,2
rule,11,2
scientists,11,2
similar,11,2
south,11,2
structure,11,2
typically,11,2
union,11,2
working,11,2
administration,10,2
affairs,10,2
backlash,10,2
bgcolor,10,2
case,10,2
catalog,10,2
ci,10,2
colspan,10,2
conduct,10,2
csa,10,2
duffy,10,2
egg,10,2
fertility,10,2
file,10,2
free,10,2
ideology,10,2
laws,10,2
leadership,10,2
long,10,2
major,10,2
martin,10,2
monica,10,2
open,10,2
opinions,10,2
opposition,10,2
participation,10,2
peoples,10,2
philosophy,10,2
populations,10,2
practice,10,2
prime,10,2
reshaping,10,2
revolution,10,2
russia,10,2
russian,10,2
set,10,2
toft,10,2
action,9,2
americanpolitics,9,2
armed,9,2
basis,9,2
bodies,9,2
british,9,2
cases,9,2
cfm,9,2
city,9,2
class,9,2
content,9,2
control,9,2
convention,9,2
cultural,9,2
defaultsort,9,2
domestic,9,2
ethnic,9,2
family,9,2
fatf,9,2
february,9,2
feminists,9,2
growth,9,2
high,9,2
historical,9,2
insurgency,9,2
japan,9,2
justice,9,2
largely,9,2
learning,9,2
limited,9,2
make,9,2
movements,9,2
oecd,9,2
official,9,2
organizations,9,2
outpost,9,2
persons,9,2
politicalsociology,9,2
politician,9,2
positions,9,2
program,9,2
project,9,2
questions,9,2
referred,9,2
result,9,2
served,9,2
soviet,9,2
stanford,9,2
technology,9,2
transition,9,2
utm,9,2
violations,9,2
anton,8,2
argues,8,2
assembly,8,2
authority,8,2
basic,8,2
belief,8,2
belt,8,2
benefit,8,2
brazil,8,2
cambridge,8,2
campaign,8,2
choice,8,2
concept,8,2
concepts,8,2
constitution,8,2
counter,8,2
courts,8,2
crime,8,2
december,8,2
decision,8,2
decisions,8,2
economy,8,2
elected,8,2
faculty,8,2
female,8,2
field,8,2
france,8,2
french,8,2
frso,8,2
home,8,2
iga,8,2
involved,8,2
jpg,8,2
july,8,2
level,8,2
liberal,8,2
mission,8,2
newspaper,8,2
order,8,2
paragraph,8,2
partners,8,2
physical,8,2
plato,8,2
provide,8,2
published,8,2
recognized,8,2
reference,8,2
related,8,2
republic,8,2
resolution,8,2
section,8,2
sense,8,2
socialist,8,2
source,8,2
stalin,8,2
support,8,2
thought,8,2
womens,8,2
works,8,2
21st,7,2
2nd,7,2
academic,7,2
active,7,2
activity,7,2
alter,7,2
april,7,2
broader,7,2
business,7,2
claim,7,2
classification,7,2
close,7,2
col,7,2
columbia,7,2
congress,7,2
corruption,7,2
crew,7,2
criminal,7,2
differential,7,2
early,7,2
earth,7,2
education,7,2
electoral,7,2
elements,7,2
entity,7,2
environmental,7,2
executive,7,2
fascism,7,2
findings,7,2
forces,7,2
framework,7,2
game,7,2
generally,7,2
georgetown,7,2
great,7,2
heads,7,2
higher,7,2
hill,7,2
hypothesis,7,2
idea,7,2
ideas,7,2
image,7,2
included,7,2
influenced,7,2
key,7,2
killing,7,2
large,7,2
latin,7,2
limits,7,2
majority,7,2
march,7,2
metaphor,7,2
method,7,2
michael,7,2
middle,7,2
natural,7,2
ngo,7,2
notion,7,2
numbers,7,2
officials,7,2
papers,7,2
peace,7,2
position,7,2
pre,7,2
professional,7,2
professor,7,2
reading,7,2
region,7,2
registers,7,2
reports,7,2
resources,7,2
review,7,2
rules,7,2
scholars,7,2
seek,7,2
services,7,2
sex,7,2
show,7,2
team,7,2
thumb,7,2
type,7,2
vol,7,2
voting,7,2
wave,7,2
won,7,2
word,7,2
young,7,2
account,6,2
acts,6,2
alliance,6,2
approach,6,2
associations,6,2
athens,6,2
attempt,6,2
back,6,2
bc,6,2
begin,6,2
campaigns,6,2
care,6,2
carolina,6,2
central,6,2
charter,6,2
colonies,6,2
commonly,6,2
consequences,6,2
constructed,6,2
contemporary,6,2
continued,6,2
criticized,6,2
dead,6,2
demographics,6,2
description,6,2
discourse,6,2
doc,6,2
documents,6,2
elections,6,2
elihu,6,2
environment,6,2
evidence,6,2
evolution,6,2
existence,6,2
face,6,2
functioning,6,2
gain,6,2
gallup,6,2
george,6,2
goals,6,2
hampshire,6,2
handbook,6,2
highly,6,2
identity,6,2
imposed,6,2
includes,6,2
int,6,2
interim,6,2
introduction,6,2
italy,6,2
jaxa,6,2
judicial,6,2
kings,6,2
lead,6,2
leading,6,2
leviathan,6,2
liberation,6,2
library,6,2
link,6,2
lobbyist,6,2
lower,6,2
macmillan,6,2
manned,6,2
marxists,6,2
meaning,6,2
minnesota,6,2
mofcom,6,2
moral,6,2
mou,6,2
needed,6,2
objective,6,2
oed,6,2
online,6,2
parents,6,2
partner,6,2
point,6,2
policies,6,2
powerful,6,2
principles,6,2
prison,6,2
psychological,6,2
publications,6,2
publishing,6,2
quarterly,6,2
range,6,2
reaction,6,2
rescueeuregister,6,2
risk,6,2
road,6,2
rome,6,2
sanction,6,2
search,6,2
senior,6,2
serving,6,2
sneps,6,2
sociology,6,2
socrates,6,2
sovereignty,6,2
spinwatch,6,2
statute,6,2
systems,6,2
takes,6,2
text,6,2
traditional,6,2
univ,6,2
voluntary,6,2
washington,6,2
washingtonpost,6,2
ways,6,2
welfare,6,2
western,6,2
widespread,6,2
wilsoncenter1,6,2
youth,6,2
abortion,5,2
activists,5,2
activities,5,2
administrative,5,2
agenda,5,2
aggressive,5,2
agreement,5,2
agreements,5,2
applied,5,2
art,5,2
asia,5,2
attitudes,5,2
austria,5,2
banks,5,2
base,5,2
bias,5,2
bill,5,2
birth,5,2
brandeis,5,2
bulges,5,2
california,5,2
carried,5,2
categories,5,2
chambers,5,2
changed,5,2
chapter,5,2
chicano,5,2
companalysisholmana,5,2
comparative,5,2
complaints,5,2
compromise,5,2
concerns,5,2
conditions,5,2
conducted,5,2
conservative,5,2
considers,5,2
constituted,5,2
corporate,5,2
created,5,2
crimes,5,2
crisis,5,2
criticisms,5,2
critiques,5,2
davenport,5,2
davis,5,2
day,5,2
debates,5,2
decatur,5,2
definitions,5,2
demands,5,2
democracies,5,2
developed,5,2
diligence,5,2
disclosure,5,2
disease,5,2
docking,5,2
effects,5,2
efforts,5,2
end,5,2
eng,5,2
entry,5,2
equality,5,2
events,5,2
examples,5,2
exist,5,2
expectations,5,2
explicitly,5,2
federalist,5,2
fixed,5,2
formal,5,2
format,5,2
formed,5,2
governmental,5,2
guide,5,2
harvard,5,2
held,5,2
historically,5,2
houses,5,2
iast,5,2
iii,5,2
impairment,5,2
important,5,2
independent,5,2
india,5,2
investigation,5,2
involvement,5,2
israel,5,2
italian,5,2
jack,5,2
james,5,2
johnson,5,2
join,5,2
jones,5,2
joseph,5,2
journalism,5,2
king,5,2
knowledge,5,2
late,5,2
led,5,2
legislation,5,2
levels,5,2
man,5,2
manifest,5,2
membership,5,2
migration,5,2
minority,5,2
nationalities,5,2
negative,5,2
ngos,5,2
officer,5,2
owned,5,2
palgrave,5,2
pandering,5,2
partnership,5,2
period,5,2
perspective,5,2
peter,5,2
philosophers,5,2
played,5,2
policing,5,2
politicians,5,2
politicized,5,2
polity,5,2
poll,5,2
popular,5,2
postfeminism,5,2
potential,5,2
present,5,2
pro,5,2
produce,5,2
profession,5,2
protest,5,2
psychology,5,2
publication,5,2
radical,5,2
radio,5,2
rates,5,2
reason,5,2
recent,5,2
repression,5,2
rhetoric,5,2
run,5,2
school,5,2
sciences,5,2
screening,5,2
seat,5,2
sentence,5,2
separate,5,2
service,5,2
significant,5,2
simply,5,2
small,5,2
spacecraft,5,2
specific,5,2
speech,5,2
sperm,5,2
stated,5,2
status,5,2
supreme,5,2
survey,5,2
talking,5,2
ten,5,2
terrorism,5,2
thomas,5,2
treatment,5,2
truth,5,2
universal,5,2
upper,5,2
vermont,5,2
verso,5,2
vi,5,2
votes,5,2
white,5,2
wikipedia,5,2
wrote,5,2
wto,5,2
ability,4,2
acting,4,2
advancing,4,2
advocacy,4,2
africa,4,2
agencies,4,2
aim,4,2
alleged,4,2
alley,4,2
ancient,4,2
angela,4,2
appeal,4,2
appeared,4,2
area,4,2
aspects,4,2
aspx,4,2
asserts,4,2
attorney,4,2
au,4,2
australia,4,2
balance,4,2
bank,4,2
believed,4,2
belmont,4,2
beneficial,4,2
bernard,4,2
branch,4,2
bush,4,2
cgi,4,2
charles,4,2
christian,4,2
civilian,4,2
civilizations,4,2
clash,4,2
code,4,2
commission,4,2
commonwealth,4,2
communist,4,2
company,4,2
comparativeanalysis,4,2
compliance,4,2
concluded,4,2
connecticut,4,2
contra,4,2
contract,4,2
corporation,4,2
creation,4,2
critics,4,2
dakota,4,2
dates,4,2
deal,4,2
declaration,4,2
degree,4,2
designed,4,2
destiny,4,2
developing,4,2
direct,4,2
disabilities,4,2
disabled,4,2
district,4,2
dominant,4,2
drug,4,2
duhaime,4,2
eastern,4,2
editor,4,2
eds,4,2
elizabeth,4,2
emerged,4,2
emily,4,2
enforcement,4,2
engage,4,2
enter,4,2
entries,4,2
equal,4,2
ernst,4,2
estimated,4,2
ethnicity,4,2
europa,4,2
exception,4,2
experiment,4,2
extended,4,2
facts,4,2
fascist,4,2
federalism,4,2
figure,4,2
files,4,2
flood,4,2
forms,4,2
frequently,4,2
full,4,2
function,4,2
funds,4,2
geography,4,2
google,4,2
governing,4,2
governor,4,2
grounds,4,2
happened,4,2
hoff,4,2
https,4,2
ill,4,2
immigration,4,2
impairments,4,2
implementation,4,2
improve,4,2
increase,4,2
inequality,4,2
ingold,4,2
internet,4,2
introduced,4,2
jacques,4,2
jew,4,2
jstor,4,2
label,4,2
launch,4,2
legislatures,4,2
lightblue,4,2
lightgrey,4,2
limit,4,2
lobbycontrol,4,2
loss,4,2
machine,4,2
magazine,4,2
mark,4,2
mars500,4,2
marxism,4,2
massachusetts,4,2
maximum,4,2
mcrobbie,4,2
memorandum,4,2
men,4,2
message,4,2
methodology,4,2
methods,4,2
million,4,2
mind,4,2
mir,4,2
module,4,2
monarchy,4,2
monitor,4,2
mortality,4,2
nationalist,4,2
neil,4,2
nl,4,2
notes,4,2
observers,4,2
oceania,4,2
officially,4,2
opening,4,2
operations,4,2
opponents,4,2
opposed,4,2
oppression,4,2
orbital,4,2
original,4,2
originally,4,2
outline,4,2
overview,4,2
ownership,4,2
panel,4,2
parliaments,4,2
peloponnesian,4,2
pennsylvania,4,2
permanent,4,2
pg,4,2
phrase,4,2
plan,4,2
postfeminist,4,2
powers,4,2
practitioners,4,2
pressure,4,2
prevailing,4,2
princeton,4,2
problem,4,2
problems,4,2
prof,4,2
prominent,4,2
proposed,4,2
protection,4,2
puppet,4,2
purpose,4,2
quebec,4,2
quote,4,2
race,4,2
ranking,4,2
reality,4,2
refers,4,2
relating,4,2
relationship,4,2
relevant,4,2
representative,4,2
representing,4,2
rescue,4,2
resignation,4,2
response,4,2
resulted,4,2
results,4,2
revolutionary,4,2
royal,4,2
ruth,4,2
rwanda,4,2
schedule,4,2
scrutiny,4,2
segment,4,2
selected,4,2
shared,4,2
shenzhou,4,2
sides,4,2
site,4,2
skirbekk,4,2
sociological,4,2
sommers,4,2
sort,4,2
soyuz,4,2
span,4,2
special,4,2
specifically,4,2
spouse,4,2
stable,4,2
statement,4,2
strategy,4,2
strong,4,2
struggle,4,2
subjects,4,2
supranational,4,2
susan,4,2
svg,4,2
tend,4,2
terminology,4,2
test,4,2
thefreedictionary,4,2
topics,4,2
toronto,4,2
treasury,4,2
TRUE,4,2
truman,4,2
twentieth,4,2
twenty,4,2
types,4,2
ultimately,4,2
version,4,2
victims,4,2
violation,4,2
virginia,4,2
wadsworth,4,2
wikitable,4,2
wp,4,2
wright,4,2
written,4,2
technology,412,3
title,86,3
technological,73,3
amp,66,3
science,66,3
journal,65,3
history,63,3
publisher,62,3
category,61,3
parts,58,3
engineering,57,3
time,55,3
patent,54,3
moving,52,3
students,52,3
digital,48,3
user,48,3
date,46,3
design,45,3
video,45,3
management,44,3
platform,44,3
research,44,3
technologies,44,3
isbn,43,3
system,43,3
process,40,3
information,39,3
experience,38,3
methods,38,3
based,37,3
author,36,3
century,36,3
computer,36,3
human,35,3
intelligent,35,3
press,35,3
teaching,35,3
math,34,3
nowrap,34,3
environments,33,3
change,32,3
learning,32,3
game,31,3
trade,31,3
development,30,3
harvnb,30,3
machine,30,3
university,30,3
world,28,3
evergreening,27,3
innovation,27,3
modern,27,3
systems,27,3
white,27,3
international,26,3
part,26,3
references,26,3
jr,25,3
machines,25,3
pdf,25,3
social,25,3
technophobia,25,3
accessdate,24,3
pharmaceutical,24,3
assessment,23,3
conference,23,3
data,23,3
equipment,23,3
future,23,3
global,23,3
processes,23,3
show,23,3
volume,23,3
generic,22,3
health,22,3
tools,22,3
web,22,3
work,22,3
bgcolor,21,3
knowledge,21,3
people,21,3
reflist,21,3
revolution,21,3
writing,21,3
article,20,3
control,20,3
doi,20,3
field,20,3
flagicon,20,3
industrial,20,3
instrument,20,3
law,20,3
renaissance,20,3
studies,20,3
computers,19,3
corporate,19,3
external,19,3
foresight,19,3
high,19,3
july,19,3
canada,18,3
citation,18,3
october,18,3
product,18,3
products,18,3
technical,18,3
timeline,18,3
computing,17,3
energy,17,3
evaluation,17,3
file,17,3
language,17,3
market,17,3
mechanical,17,3
planning,17,3
pp,17,3
printing,17,3
project,17,3
report,17,3
student,17,3
techno,17,3
tool,17,3
communication,16,3
device,16,3
drug,16,3
factors,16,3
group,16,3
industry,16,3
model,16,3
news,16,3
power,16,3
schools,16,3
thumb,16,3
york,16,3
application,15,3
applied,15,3
approach,15,3
business,15,3
early,15,3
education,15,3
emotion,15,3
htm,15,3
including,15,3
issue,15,3
made,15,3
national,15,3
number,15,3
patents,15,3
platforms,15,3
series,15,3
society,15,3
state,15,3
study,15,3
united,15,3
uxa,15,3
algorithm,14,3
classroom,14,3
dynamics,14,3
edition,14,3
instruments,14,3
list,14,3
mathematics,14,3
teacher,14,3
techniques,14,3
theory,14,3
ux,14,3
australia,13,3
complex,13,3
copy,13,3
current,13,3
darwin,13,3
determined,13,3
emerging,13,3
environment,13,3
impact,13,3
intelligence,13,3
invention,13,3
jpg,13,3
kinetic,13,3
level,13,3
life,13,3
links,13,3
main,13,3
making,13,3
man,13,3
method,13,3
nature,13,3
order,13,3
organization,13,3
place,13,3
public,13,3
question,13,3
reading,13,3
software,13,3
trips,13,3
al,12,3
center,12,3
companies,12,3
company,12,3
construction,12,3
content,12,3
contestants,12,3
culture,12,3
curriculum,12,3
devices,12,3
editor,12,3
examples,12,3
fear,12,3
id,12,3
lock,12,3
luddites,12,3
materials,12,3
motion,12,3
musical,12,3
november,12,3
open,12,3
related,12,3
rights,12,3
safety,12,3
service,12,3
space,12,3
specific,12,3
states,12,3
support,12,3
technophobic,12,3
understanding,12,3
agreement,11,3
applications,11,3
called,11,3
class,11,3
considered,11,3
develop,11,3
economic,11,3
general,11,3
important,11,3
include,11,3
london,11,3
make,11,3
manufacturing,11,3
points,11,3
retrieved,11,3
review,11,3
ring,11,3
shows,11,3
significant,11,3
similar,11,3
speed,11,3
usability,11,3
users,11,3
activities,10,3
age,10,3
analysis,10,3
art,10,3
border,10,3
crank,10,3
detection,10,3
developed,10,3
efficiency,10,3
end,10,3
f0f8ff,10,3
fields,10,3
film,10,3
german,10,3
humans,10,3
individual,10,3
innovations,10,3
institute,10,3
levels,10,3
location,10,3
mechanism,10,3
nuclear,10,3
operating,10,3
policy,10,3
pr,10,3
provide,10,3
quality,10,3
required,10,3
researchers,10,3
rohrbeck,10,3
school,10,3
speech,10,3
verbal,10,3
19th,9,3
achieved,9,3
advanced,9,3
allowed,9,3
artificial,9,3
arts,9,3
association,9,3
ausfta,9,3
concept,9,3
countries,9,3
create,9,3
drawing,9,3
due,9,3
era,9,3
evolution,9,3
evolutionary,9,3
form,9,3
function,9,3
functions,9,3
government,9,3
greater,9,3
gutenberg,9,3
henry,9,3
idea,9,3
ideas,9,3
iet,9,3
image,9,3
includes,9,3
index,9,3
instruction,9,3
interaction,9,3
inventions,9,3
john,9,3
lead,9,3
mass,9,3
means,9,3
measurement,9,3
measures,9,3
online,9,3
original,9,3
outline,9,3
parachute,9,3
play,9,3
prc,9,3
problem,9,3
proceedings,9,3
production,9,3
program,9,3
protection,9,3
regulations,9,3
role,9,3
scientific,9,3
skills,9,3
structures,9,3
tech,9,3
term,9,3
times,9,3
todinov2007,9,3
transportation,9,3
videos,9,3
war,9,3
wheel,9,3
15th,8,3
algorithms,8,3
american,8,3
amount,8,3
answer,8,3
anti,8,3
australian,8,3
car,8,3
changing,8,3
color,8,3
contestant,8,3
da,8,3
decision,8,3
defined,8,3
designed,8,3
di,8,3
e6e6fa,8,3
electronic,8,3
elementary,8,3
enabling,8,3
environmental,8,3
final,8,3
first1,8,3
forcing,8,3
found,8,3
frac,8,3
free,8,3
gains,8,3
games,8,3
george,8,3
hall,8,3
implicit,8,3
increased,8,3
intellectual,8,3
interest,8,3
iron,8,3
june,8,3
last1,8,3
line,8,3
linkage,8,3
marketing,8,3
martin,8,3
mobile,8,3
movement,8,3
ndash,8,3
networks,8,3
percent,8,3
philosophy,8,3
powered,8,3
programs,8,3
property,8,3
reason,8,3
result,8,3
september,8,3
signature,8,3
socrates,8,3
source,8,3
spaces,8,3
strategic,8,3
therapeutic,8,3
wear,8,3
weber,8,3
william,8,3
16th,7,3
act,7,3
aerospace,7,3
affect,7,3
allowing,7,3
amendments,7,3
ancient,7,3
approval,7,3
area,7,3
areas,7,3
articles,7,3
aspects,7,3
assembly,7,3
atmae,7,3
case,7,3
cities,7,3
classrooms,7,3
community,7,3
competitive,7,3
competitiveness,7,3
concepts,7,3
connecting,7,3
created,7,3
customer,7,3
david,7,3
describes,7,3
determine,7,3
district,7,3
educational,7,3
electronics,7,3
engineers,7,3
english,7,3
entry,7,3
established,7,3
european,7,3
explore,7,3
forecasting,7,3
forms,7,3
frame,7,3
goods,7,3
groups,7,3
hand,7,3
heidegger,7,3
kevin,7,3
ladislao,7,3
large,7,3
left,7,3
legislation,7,3
measure,7,3
military,7,3
million,7,3
motivation,7,3
needed,7,3
newton,7,3
page,7,3
perseus,7,3
php,7,3
potential,7,3
practice,7,3
results,7,3
reti,7,3
screw,7,3
standards,7,3
star,7,3
suggests,7,3
supports,7,3
teachers,7,3
technique,7,3
test,7,3
variety,7,3
visual,7,3
works,7,3
access,6,3
acm,6,3
addition,6,3
advancements,6,3
advantage,6,3
architecture,6,3
aspect,6,3
aspx,6,3
automated,6,3
automobile,6,3
began,6,3
board,6,3
british,6,3
built,6,3
cambridge,6,3
capabilities,6,3
challenges,6,3
clarify,6,3
computation,6,3
conferences,6,3
constructivist,6,3
context,6,3
cranks,6,3
day,6,3
defaultsort,6,3
designers,6,3
diary,6,3
diffusion,6,3
discourse,6,3
dock,6,3
driving,6,3
droege,6,3
earliest,6,3
ed,6,3
engine,6,3
excipients,6,3
experiences,6,3
explicit,6,3
febvre,6,3
find,6,3
fingerprint,6,3
first2,6,3
floating,6,3
food,6,3
francesco,6,3
gdsn,6,3
giorgio,6,3
greek,6,3
henri,6,3
home,6,3
house,6,3
infrastructure,6,3
interactive,6,3
interfaces,6,3
internal,6,3
internet,6,3
introduction,6,3
issues,6,3
january,6,3
jyv,6,3
last2,6,3
late,6,3
led,6,3
lewis,6,3
lisp,6,3
major,6,3
manufacturers,6,3
middle,6,3
motor,6,3
multimedia,6,3
music,6,3
network,6,3
newspaper,6,3
notice,6,3
ny,6,3
office,6,3
organizational,6,3
organizations,6,3
pattern,6,3
paul,6,3
period,6,3
personal,6,3
pharmaceuticals,6,3
physics,6,3
population,6,3
post,6,3
prevent,6,3
produced,6,3
progress,6,3
robert,6,3
rockman,6,3
roman,6,3
romanticism,6,3
section,6,3
seek,6,3
showed,6,3
skyl,6,3
solid,6,3
subjective,6,3
success,6,3
sum,6,3
table,6,3
telecommunications,6,3
tracking,6,3
training,6,3
trek,6,3
unique,6,3
vehicle,6,3
vendors,6,3
view,6,3
welfare,6,3
5th,5,3
aal,5,3
ability,5,3
active,5,3
added,5,3
advancement,5,3
agent,5,3
aims,5,3
animation,5,3
appears,5,3
apple,5,3
attempt,5,3
australias,5,3
authorlink,5,3
beliefs,5,3
binfield,5,3
biotechnology,5,3
bit,5,3
brand,5,3
build,5,3
challenge,5,3
chapter,5,3
commonly,5,3
comparison,5,3
creative,5,3
cth,5,3
cycle,5,3
definition,5,3
description,5,3
descriptors,5,3
dictionary,5,3
difficult,5,3
dimensions,5,3
discovery,5,3
discussion,5,3
doc,5,3
effectively,5,3
electrical,5,3
elsevier,5,3
europe,5,3
evidence,5,3
existing,5,3
exploitation,5,3
factor,5,3
failure,5,3
features,5,3
fiction,5,3
firm,5,3
foreign,5,3
foundation,5,3
friction,5,3
generally,5,3
give,5,3
good,5,3
grenade,5,3
held,5,3
higher,5,3
holder,5,3
huawei,5,3
ict,5,3
identification,5,3
ii,5,3
increasingly,5,3
india,5,3
interdisciplinary,5,3
introduced,5,3
james,5,3
jean,5,3
key,5,3
kompridis,5,3
korea,5,3
lancaster,5,3
learn,5,3
length,5,3
leonardo,5,3
lifting,5,3
longitudinal,5,3
loss,5,3
lubrication,5,3
lucien,5,3
managing,5,3
medicine,5,3
medicines,5,3
michael,5,3
microwave,5,3
motions,5,3
multiple,5,3
mumford,5,3
natural,5,3
newspapers,5,3
panel,5,3
perspective,5,3
phone,5,3
player,5,3
position,5,3
primates,5,3
principle,5,3
principles,5,3
problems,5,3
psychology,5,3
published,5,3
purpose,5,3
questions,5,3
real,5,3
recognition,5,3
reduced,5,3
reference,5,3
refers,5,3
register,5,3
relation,5,3
relationship,5,3
relevant,5,3
requirements,5,3
resistance,5,3
robots,5,3
rod,5,3
sales,5,3
sciences,5,3
serves,5,3
services,5,3
set,5,3
share,5,3
short,5,3
signal,5,3
signaling,5,3
simply,5,3
small,5,3
societies,5,3
sophistication,5,3
stone,5,3
style,5,3
switch,5,3
taks,5,3
temporal,5,3
terms,5,3
testing,5,3
texas,5,3
text,5,3
things,5,3
thomas,5,3
trading,5,3
transport,5,3
unit,5,3
vector,5,3
vision,5,3
walters,5,3
washington,5,3
water,5,3
wide,5,3
width,5,3
written,5,3
zte,5,3
acceptance,4,3
achieve,4,3
action,4,3
address,4,3
affective,4,3
aim,4,3
animal,4,3
annual,4,3
anonymous,4,3
approaches,4,3
april,4,3
archive,4,3
arms,4,3
au,4,3
back,4,3
basis,4,3
beginning,4,3
behavior,4,3
bibliography,4,3
big,4,3
buzzer,4,3
cases,4,3
caused,4,3
ccccff,4,3
cfm,4,3
charles,4,3
chemical,4,3
chi,4,3
chief,4,3
children,4,3
chimpanzee,4,3
classes,4,3
collected,4,3
compared,4,3
competition,4,3
compliance,4,3
conducted,4,3
consists,4,3
constructed,4,3
constructs,4,3
continuous,4,3
contrast,4,3
convergence,4,3
copies,4,3
cranked,4,3
creating,4,3
crucial,4,3
cultural,4,3
dalila,4,3
dallas,4,3
deals,4,3
declining,4,3
defining,4,3
delivery,4,3
democratic,4,3
descriptor,4,3
designs,4,3
detect,4,3
developing,4,3
dialogue,4,3
discriminatory,4,3
distinct,4,3
door,4,3
double,4,3
ea,4,3
earlier,4,3
easily,4,3
economy,4,3
eds,4,3
efficacy,4,3
electric,4,3
elements,4,3
emotions,4,3
enables,4,3
energies,4,3
eng,4,3
enhance,4,3
enjoyment,4,3
essential,4,3
exclusivity,4,3
expert,4,3
express,4,3
failures,4,3
faunce,4,3
fears,4,3
feature,4,3
federal,4,3
fi,4,3
finland,4,3
fixed,4,3
flight,4,3
follow,4,3
frames,4,3
fta,4,3
gartner,4,3
goal,4,3
goals,4,3
grade,4,3
grand,4,3
graphical,4,3
graphics,4,3
great,4,3
growth,4,3
gs1,4,3
guidelines,4,3
hardware,4,3
harvard,4,3
heat,4,3
hibbeler2009,4,3
highly,4,3
hill,4,3
holistic,4,3
homo,4,3
host,4,3
howard,4,3
https,4,3
identify,4,3
ideologies,4,3
impossible,4,3
improved,4,3
increase,4,3
independent,4,3
inertia,4,3
initial,4,3
integrated,4,3
intenv,4,3
introduce,4,3
israel,4,3
israel21c,4,3
jacques,4,3
journals,4,3
jyu,4,3
labs,4,3
largest,4,3
leading,4,3
leads,4,3
legal,4,3
library,4,3
lidar,4,3
literacy,4,3
live,4,3
long,4,3
luddism,4,3
machinery,4,3
magazine,4,3
makers,4,3
maturity,4,3
measured,4,3
media,4,3
medieval,4,3
metropolis,4,3
millennium,4,3
minister,4,3
momentary,4,3
musket,4,3
nanotechnology,4,3
nbsp,4,3
networking,4,3
noc,4,3
norton,4,3
notes,4,3
notion,4,3
numbers,4,3
object,4,3
obligations,4,3
offers,4,3
omega,4,3
ordinal,4,3
orphaned,4,3
owl,4,3
oxford,4,3
parrhesia08,4,3
patented,4,3
performance,4,3
person,4,3
peter,4,3
physical,4,3
pintrich,4,3
practical,4,3
practices,4,3
precision,4,3
prepare,4,3
produce,4,3
programming,4,3
psychological,4,3
ranging,4,3
rapid,4,3
refer,4,3
reporting,4,3
retrospective,4,3
reuters,4,3
revenues,4,3
richard,4,3
risk,4,3
robot,4,3
rods,4,3
rome,4,3
rotating,4,3
router,4,3
run,4,3
sarton,4,3
scholars,4,3
scouting,4,3
selection,4,3
ship,4,3
simple,4,3
single,4,3
solving,4,3
specifically,4,3
standard,4,3
start,4,3
stated,4,3
strategy,4,3
szostak,4,3
taking,4,3
task,4,3
techcrunch,4,3
technologys,4,3
terminator,4,3
theories,4,3
timelines,4,3
today,4,3
total,4,3
transhumanism,4,3
treatise,4,3
trivia,4,3
TRUE,4,3
tutoring,4,3
type,4,3
types,4,3
uploads,4,3
upper,4,3
utilize,4,3
values,4,3
venice,4,3
veranzio,4,3
vidar,4,3
vinci,4,3
vmc,4,3
voyager,4,3
ways,4,3
wikander,4,3
wolf,4,3
workers,4,3
working,4,3
worlds,4,3
science,334,4
amp,265,4
ndash,183,4
scientific,123,4
title,104,4
journal,92,4
history,87,4
study,72,4
date,58,4
publisher,58,4
research,51,4
ocean,48,4
web,48,4
rsn,47,4
technology,46,4
sciences,45,4
university,43,4
ooi,40,4
index,37,4
isbn,37,4
philosophy,36,4
scientist,35,4
volume,35,4
washington,35,4
accessdate,34,4
issue,32,4
nodes,32,4
september,32,4
author,31,4
medicine,31,4
phenomenon,30,4
category,29,4
nature,29,4
pmid,29,4
scientists,28,4
phenomena,27,4
social,27,4
natural,26,4
development,25,4
doi,25,4
field,25,4
press,25,4
biology,24,4
basic,23,4
physics,23,4
chemistry,21,4
jpg,21,4
scale,21,4
john,20,4
military,20,4
national,20,4
society,20,4
world,20,4
fundamental,19,4
physical,19,4
regional,19,4
applied,18,4
file,18,4
harv,18,4
location,18,4
observatory,18,4
primary,18,4
google,17,4
id,17,4
including,17,4
infrastructure,17,4
knowledge,17,4
oceanography,17,4
processes,17,4
states,17,4
studies,17,4
term,17,4
timeline,17,4
cabled,16,4
credit,16,4
human,16,4
page,16,4
systems,16,4
theory,16,4
time,16,4
york,16,4
branch,15,4
cable,15,4
change,15,4
earth,15,4
engineering,15,4
news,15,4
number,15,4
public,15,4
students,15,4
american,14,4
behavior,14,4
data,14,4
education,14,4
goethe,14,4
government,14,4
information,14,4
oxford,14,4
pacific,14,4
plate,14,4
pmc,14,4
policy,14,4
theories,14,4
wellness,14,4
women,14,4
century,13,4
life,13,4
methods,13,4
modern,13,4
pdf,13,4
program,13,4
united,13,4
uw,13,4
cables,12,4
citations,12,4
concerned,12,4
demonstration,12,4
economics,12,4
fields,12,4
general,12,4
goethes,12,4
marine,12,4
medical,12,4
organisms,12,4
people,12,4
political,12,4
published,12,4
reflist,12,4
group,11,4
ideas,11,4
kakwani,11,4
practice,11,4
programs,11,4
psychologist,11,4
psychology,11,4
references,11,4
royal,11,4
thomas,11,4
thumb,11,4
astronomer,10,4
docscience,10,4
include,10,4
installed,10,4
instruments,10,4
juan,10,4
library,10,4
method,10,4
physicist,10,4
power,10,4
process,10,4
state,10,4
water,10,4
work,10,4
authorlink,9,4
biological,9,4
community,9,4
cyberinfrastructure,9,4
developed,9,4
dictionary,9,4
end,9,4
evolution,9,4
fuca,9,4
funding,9,4
gini,9,4
health,9,4
htm,9,4
internet,9,4
living,9,4
long,9,4
management,9,4
mathematician,9,4
measure,9,4
network,9,4
object,9,4
observatories,9,4
outline,9,4
professional,9,4
ropos,9,4
seafloor,9,4
special,9,4
story,9,4
structure,9,4
system,9,4
thompson,9,4
understanding,9,4
underwater,9,4
academic,8,4
astronomy,8,4
axial,8,4
cambridge,8,4
center,8,4
chemical,8,4
clinical,8,4
communicate,8,4
concepts,8,4
deep,8,4
discipline,8,4
discoveries,8,4
edition,8,4
evolutionary,8,4
high,8,4
journals,8,4
large,8,4
major,8,4
map,8,4
maripro,8,4
media,8,4
person,8,4
pg,8,4
philosophical,8,4
place,8,4
provide,8,4
publication,8,4
researchers,8,4
robert,8,4
sea,8,4
sociology,8,4
strategies,8,4
technologist,8,4
weight,8,4
words,8,4
works,8,4
academy,7,4
ancient,7,4
animals,7,4
areas,7,4
biologist,7,4
bot,7,4
bruce,7,4
called,7,4
chemist,7,4
communication,7,4
construction,7,4
david,7,4
day,7,4
distribution,7,4
educational,7,4
environmental,7,4
foundation,7,4
great,7,4
inconsistent,7,4
initiative,7,4
inserted,7,4
july,7,4
link,7,4
links,7,4
literature,7,4
located,7,4
loss,7,4
main,7,4
methodology,7,4
mind,7,4
objects,7,4
observation,7,4
observations,7,4
october,7,4
organizations,7,4
parameter,7,4
phenomenology,7,4
philosopher,7,4
politics,7,4
postscript,7,4
project,7,4
remove,7,4
resources,7,4
secondary,7,4
sensors,7,4
shows,7,4
source,7,4
teachers,7,4
technical,7,4
universe,7,4
visions,7,4
april,6,4
archive,6,4
array,6,4
articles,6,4
blockquote,6,4
canada,6,4
chris,6,4
classroom,6,4
cognitive,6,4
common,6,4
component,6,4
definitions,6,4
demonstrate,6,4
designed,6,4
dq,6,4
early,6,4
effective,6,4
english,6,4
event,6,4
events,6,4
expedition,6,4
foundations,6,4
geology,6,4
global,6,4
goals,6,4
goethean,6,4
gov,6,4
greek,6,4
home,6,4
image,6,4
international,6,4
intervention,6,4
journalism,6,4
kaufmann,6,4
laws,6,4
learning,6,4
limited,6,4
london,6,4
mar,6,4
mathematics,6,4
mooney,6,4
motion,6,4
net,6,4
nsf,6,4
php,6,4
present,6,4
properties,6,4
result,6,4
ridge,6,4
series,6,4
smith,6,4
space,6,4
station,6,4
training,6,4
types,6,4
utm,6,4
war,6,4
20th,5,4
article,5,4
aspx,5,4
association,5,4
author2,5,4
bandwidth,5,4
based,5,4
business,5,4
california,5,4
coast,5,4
column,5,4
commonly,5,4
communities,5,4
computer,5,4
culture,5,4
dead,5,4
deals,5,4
describe,5,4
develop,5,4
economist,5,4
edge,5,4
editor,5,4
effects,5,4
equipment,5,4
euroscience,5,4
experimental,5,4
experiments,5,4
experts,5,4
external,5,4
female,5,4
french,5,4
generally,5,4
geography,5,4
impact,5,4
importance,5,4
individual,5,4
individuals,5,4
inquiry,5,4
institutions,5,4
interactiveoceans,5,4
issues,5,4
june,5,4
kardashian,5,4
language,5,4
law,5,4
lead,5,4
left,5,4
list,5,4
logic,5,4
marketing,5,4
math,5,4
matter,5,4
mccormick,5,4
mcpherson,5,4
med,5,4
needed,5,4
neptune,5,4
oceanobservatories,5,4
oceanographic,5,4
oclc,5,4
optic,5,4
order,5,4
oregon,5,4
organization,5,4
part,5,4
paul,5,4
product,5,4
psychological,5,4
quality,5,4
reality,5,4
refers,5,4
related,5,4
relationship,5,4
revolution,5,4
san,5,4
scholar,5,4
school,5,4
selected,5,4
serve,5,4
show,5,4
specialist,5,4
specific,5,4
student,5,4
tax,5,4
terms,5,4
thought,5,4
understand,5,4
unusual,5,4
usage,5,4
vision,5,4
ways,5,4
word,5,4
22poetic,4,4
30em,4,4
3mps,4,4
alexander,4,4
andrew,4,4
apl,4,4
area,4,4
armed,4,4
arthur,4,4
aspects,4,4
awards,4,4
base,4,4
bbc,4,4
body,4,4
capable,4,4
care,4,4
carefully,4,4
changing,4,4
classrooms,4,4
columbia,4,4
components,4,4
cover,4,4
created,4,4
critical,4,4
cultures,4,4
davis,4,4
december,4,4
degrees,4,4
demonstrations,4,4
deploy,4,4
diego,4,4
disciplines,4,4
discovery,4,4
divergent,4,4
doubt,4,4
dr,4,4
ecology,4,4
economic,4,4
encompasses,4,4
environment,4,4
environments,4,4
epidemiology,4,4
equal,4,4
era,4,4
establishing,4,4
experience,4,4
experiment,4,4
explain,4,4
facility,4,4
fact,4,4
feel,4,4
fiber,4,4
figure,4,4
floor,4,4
form,4,4
forms,4,4
future,4,4
geekwire,4,4
german,4,4
hl,4,4
humans,4,4
hydrate,4,4
includes,4,4
incomes,4,4
integrated,4,4
involving,4,4
johann,4,4
kant,4,4
key,4,4
limb,4,4
magazine,4,4
make,4,4
makes,4,4
march,4,4
matters,4,4
means,4,4
mechanical,4,4
michael,4,4
middle,4,4
molecular,4,4
nations,4,4
nbsp,4,4
nobel,4,4
northwest,4,4
november,4,4
occurrence,4,4
offer,4,4
open,4,4
operations,4,4
opportunity,4,4
optics,4,4
parts,4,4
personal,4,4
perspectives,4,4
planets,4,4
plants,4,4
plato,4,4
pointing,4,4
popular,4,4
predictions,4,4
primarily,4,4
princeton,4,4
prize,4,4
profiler,4,4
progressivity,4,4
projects,4,4
real,4,4
record,4,4
release,4,4
renaissance,4,4
resource,4,4
richard,4,4
role,4,4
routledge,4,4
rss,4,4
sdi1,4,4
seamount,4,4
set,4,4
shallow,4,4
sheldrake,4,4
single,4,4
societies,4,4
steiner,4,4
strong,4,4
successfully,4,4
summer,4,4
support,4,4
teacher,4,4
team,4,4
theoretical,4,4
view,4,4
von,4,4
walter,4,4
william,4,4
wolfgang,4,4
ziman,4,4
