art,0
design,0
amp,0
arts,0
title,0
cultural,0
painting,0
category,0
artists,0
work,0
social,0
culture,0
university,0
publisher,0
date,0
accessdate,0
isbn,0
artist,0
jpg,0
fine,0
web,0
press,0
studio,0
history,0
id,0
term,0
practice,0
file,0
york,0
favela,0
thumb,0
visual,0
world,0
community,0
mural,0
music,0
college,0
murals,0
works,0
school,0
patronage,0
high,0
human,0
references,0
google,0
encyclopedia,0
journal,0
public,0
aesthetic,0
artistic,0
sculpture,0
architecture,0
century,0
media,0
news,0
people,0
process,0
film,0
research,0
form,0
production,0
schools,0
august,0
education,0
time,0
water,0
dictionary,0
image,0
london,0
main,0
management,0
resources,0
wall,0
gallery,0
museum,0
political,0
project,0
reflist,0
considered,0
engineering,0
aesthetics,0
study,0
contemporary,0
economics,0
traditional,0
applied,0
drawing,0
links,0
literature,0
nail,0
object,0
video,0
author,0
english,0
language,0
national,0
place,0
spello,0
system,0
article,0
digital,0
include,0
part,0
heritage,0
nbsp,0
popular,0
science,0
forms,0
made,0
theatre,0
united,0
edition,0
marble,0
objects,0
open,0
american,0
based,0
called,0
city,0
creative,0
life,0
photography,0
theory,0
external,0
jealousy,0
john,0
modern,0
street,0
studies,0
times,0
method,0
performance,0
state,0
technology,0
free,0
historical,0
including,0
philosophy,0
architectural,0
body,0
common,0
concept,0
created,0
general,0
large,0
oxford,0
php,0
states,0
create,0
making,0
painted,0
students,0
artwork,0
business,0
chicago,0
computer,0
law,0
page,0
product,0
systems,0
volume,0
word,0
criticism,0
david,0
development,0
graphic,0
important,0
institutions,0
italy,0
methods,0
model,0
online,0
paper,0
rio,0
academy,0
commercial,0
context,0
ed,0
htm,0
ideas,0
pg,0
retrieved,0
exhibition,0
franke,0
international,0
local,0
paintings,0
subject,0
tribal,0
working,0
academic,0
avant,0
center,0
conference,0
good,0
index,0
issue,0
left,0
link,0
location,0
market,0
original,0
professional,0
programs,0
robert,0
archaeology,0
beauty,0
berlin,0
dance,0
designers,0
doi,0
figure,0
individual,0
introduction,0
invention,0
knowledge,0
license,0
net,0
number,0
performing,0
person,0
related,0
scale,0
style,0
support,0
citation,0
definition,0
environment,0
examples,0
historic,0
infiorate,0
movement,0
physical,0
poetry,0
sense,0
similar,0
specific,0
view,0
action,0
ancient,0
authorlink,0
creating,0
designed,0
fashion,0
field,0
independent,0
january,0
major,0
march,0
paul,0
places,0
projects,0
quote,0
resource,0
tradition,0
western,0
activity,0
areas,0
association,0
carving,0
conceptual,0
defaultsort,0
degree,0
editor,0
engagement,0
institute,0
magazine,0
michael,0
paint,0
present,0
products,0
program,0
role,0
society,0
source,0
themes,0
tools,0
website,0
april,0
building,0
case,0
class,0
economic,0
genre,0
hand,0
information,0
involves,0
landscape,0
list,0
museums,0
nature,0
september,0
set,0
small,0
subjects,0
techniques,0
abstract,0
area,0
br,0
change,0
classical,0
communication,0
duchamp,0
early,0
established,0
europe,0
exhibitions,0
experience,0
expression,0
group,0
house,0
https,0
kunstsalon,0
means,0
needed,0
painters,0
politics,0
problem,0
relativism,0
renaissance,0
result,0
royal,0
schenk,0
sciences,0
series,0
service,0
sheehy,0
show,0
surface,0
technique,0
terms,0
thomas,0
urban,0
ways,0
william,0
activities,0
audience,0
california,0
collection,0
cost,0
degrees,0
designer,0
elements,0
environmental,0
february,0
french,0
government,0
graffiti,0
interdisciplinary,0
make,0
man,0
medium,0
members,0
movie,0
natural,0
patron,0
private,0
processes,0
produced,0
referred,0
shiner,0
status,0
studios,0
archaeological,0
brazil,0
concerned,0
creativity,0
cultures,0
defined,0
di,0
distinction,0
end,0
flower,0
found,0
higher,0
italian,0
kind,0
kwikdesk,0
labour,0
library,0
mark,0
mfa,0
oil,0
peter,0
quality,0
simon,0
software,0
space,0
springer,0
structure,0
tate,0
television,0
theme,0
today,0
universities,0
van,0
village,0
walls,0
yulem,0
analysis,0
articles,0
artworks,0
cambridge,0
chinese,0
columbia,0
congress,0
content,0
courses,0
designs,0
developed,0
foundation,0
graduate,0
guide,0
il,0
images,0
includes,0
janeiro,0
japan,0
material,0
mill,0
mind,0
muse,0
official,0
play,0
post,0
range,0
reference,0
site,0
skills,0
technical,0
type,0
writing,0
act,0
archive,0
boston,0
central,0
communities,0
control,0
da,0
define,0
dq,0
eds,0
fields,0
financial,0
generally,0
intended,0
kister,0
level,0
long,0
meaning,0
month,0
notes,0
november,0
perspective,0
pp,0
radio,0
republic,0
review,0
rome,0
section,0
sound,0
typically,0
user,0
alterazioni,0
categories,0
christian,0
commonly,0
company,0
cross,0
describe,0
drama,0
due,0
existing,0
focus,0
give,0
goods,0
great,0
interaction,0
jcva,0
jewish,0
june,0
larry,0
limited,0
lines,0
love,0
ma,0
mass,0
max,0
musical,0
oclc,0
order,0
patterns,0
piece,0
plan,0
power,0
printed,0
rational,0
real,0
reality,0
refers,0
religious,0
sector,0
sites,0
sociology,0
solving,0
spirit,0
taste,0
theater,0
unique,0
wikipedia,0
worlds,0
zone,0
19th,0
al,0
animation,0
approach,0
approaches,0
aspects,0
britannica,0
british,0
calligraphy,0
cnn,0
collective,0
companies,0
contrast,0
copy,0
creation,0
dead,0
december,0
disciplines,0
east,0
educational,0
effect,0
engineers,0
european,0
FALSE,0
famous,0
fiction,0
flowers,0
frank,0
fresco,0
genres,0
goals,0
groups,0
haas,0
held,0
hill,0
idea,0
included,0
industrial,0
industry,0
intangible,0
involved,0
judgment,0
july,0
k326,0
latin,0
le,0
led,0
letters,0
literary,0
marcel,0
master,0
materials,0
moral,0
newspaper,0
october,0
paris,0
pra,0
print,0
reading,0
rivera,0
room,0
san,0
steel,0
text,0
things,0
trans,0
ver,0
writers,0
20th,0
80s,0
appreciation,0
archives,0
argued,0
arnold,0
broad,0
buildings,0
canvas,0
cases,0
characteristics,0
church,0
cinema,0
colleges,0
commons,0
construction,0
countries,0
crafts,0
criteria,0
crm,0
description,0
diego,0
drawings,0
experiments,0
feast,0
galerie,0
goal,0
hahn,0
icon,0
infiorata,0
installation,0
interest,0
interior,0
issues,0
kinds,0
king,0
kl,0
larger,0
late,0
living,0
merit,0
motion,0
northern,0
offer,0
organization,0
participatory,0
pieces,0
practical,0
preservation,0
printmaking,0
ralph,0
recent,0
refer,0
regarded,0
relationship,0
return,0
roman,0
sa,0
saint,0
santa,0
scientific,0
sedition,0
side,0
square,0
stone,0
stub,0
thought,0
widely,0
accepted,0
added,0
aided,0
asp,0
atelier,0
australia,0
back,0
bad,0
began,0
bibliography,0
billy,0
carpet,0
centuries,0
chief,0
clear,0
col,0
collaboration,0
colors,0
commission,0
completed,0
corpus,0
craft,0
current,0
custom,0
designing,0
documents,0
dr,0
dutch,0
emotion,0
engaged,0
featured,0
figures,0
films,0
folk,0
formal,0
founded,0
frequently,0
funding,0
game,0
games,0
garden,0
glass,0
growth,0
highly,0
hl,0
identity,0
impact,0
interactive,0
james,0
joseph,0
liberal,0
live,0
low,0
maria,0
martin,0
men,0
multiple,0
nyc,0
past,0
pattern,0
pdf,0
period,0
philosophies,0
plaster,0
practices,0
pre,0
presented,0
president,0
price,0
primary,0
printing,0
printsec,0
profit,0
publishing,0
realism,0
recording,0
results,0
richard,0
rooms,0
shape,0
significant,0
single,0
skill,0
skilled,0
special,0
stories,0
syndrome,0
theories,0
training,0
types,0
universal,0
usage,0
war,0
west,0
women,0
yale,0
young,0
youth,0
academia,0
alan,0
alexander,0
amsterdam,0
basic,0
bc,0
becker,0
beginning,0
broader,0
call,0
canon,0
centric,0
claim,0
collections,0
conditions,0
court,0
cover,0
critical,0
cruzeiro,0
curated,0
cycle,0
decorative,0
defacement,0
del,0
department,0
details,0
discipline,0
distribution,0
domini,0
dragging,0
dramatic,0
dropping,0
ei,0
emily,0
england,0
entertainment,0
eric,0
existence,0
explore,0
family,0
founder,0
fountain,0
france,0
full,0
function,0
future,0
galleries,0
german,0
gifted,0
greek,0
ground,0
hall,0
heart,0
home,0
hours,0
howard,0
ii,0
importance,0
individuals,0
influential,0
info,0
inside,0
instance,0
institutional,0
intellectual,0
internet,0
ireland,0
iron,0
item,0
items,0
k325,0
k327,0
learning,0
light,0
marta,0
mastering,0
medicine,0
mit,0
nails,0
ny,0
office,0
onepage,0
ots,0
pavilion,0
pennsylvania,0
perceived,0
picture,0
poet,0
point,0
portal,0
pottery,0
primarily,0
produce,0
published,0
reflection,0
reproduction,0
scholars,0
sexual,0
shakespeare,0
shakman,0
showpiece,0
sig,0
simply,0
socially,0
solution,0
south,0
star,0
stendhal,0
streetart,0
tend,0
tool,0
top,0
traditionally,0
tree,0
TRUE,0
understanding,0
understood,0
version,0
wide,0
workshop,0
written,0
acknowledgment,0
addition,0
admissions,0
age,0
agencies,0
ages,0
america,0
anthropology,0
artifact,0
aspx,0
baden,0
basel,0
basis,0
baumol,0
biennale,0
bl,0
black,0
blackwell,0
boy,0
capital,0
centers,0
ceramic,0
chapter,0
characters,0
chieftains,0
china,0
choice,0
classes,0
classics,0
classification,0
complex,0
component,0
composition,0
copyright,0
critic,0
dada,0
daily,0
danto,0
debate,0
defines,0
der,0
des,0
describes,0
detail,0
determined,0
dimensional,0
edited,0
edward,0
es,0
esc,0
events,0
exhibit,0
filmmaking,0
first2,0
florence,0
formed,0
george,0
hans,0
illinois,0
immersion,0
income,0
indigenous,0
institution,0
jean,0
jel,0
keith,0
kerber,0
key,0
kite,0
lang,0
last1,0
last2,0
legal,0
legislation,0
line,0
lu,0
machine,0
mcculloch,0
mechanical,0
michelangelo,0
mirror,0
models,0
mosaic,0
munich,0
ocad,0
occurs,0
opera,0
organizations,0
organized,0
parts,0
party,0
patrons,0
peacock,0
peoples,0
philosophical,0
planning,0
plato,0
policy,0
potential,0
presentation,0
property,0
provide,0
recognition,0
recognized,0
redir,0
register,0
removed,0
require,0
requirements,0
residency,0
rise,0
scene,0
sch,0
scholar,0
separate,0
settings,0
short,0
showing,0
simple,0
size,0
soul,0
spread,0
stanford,0
started,0
story,0
streets,0
successful,0
summary,0
symbols,0
takes,0
tangible,0
taylor,0
tepper,0
thinking,0
tile,0
tweed,0
unknown,0
upright,0
variety,0
verbal,0
verlag,0
wood,0
wrote,0
abrams,0
access,0
acrylic,0
active,0
adam,0
adams,0
advertising,0
aimed,0
allowed,0
anna,0
anthropotechnic,0
anti,0
appearance,0
application,0
appointments,0
arabic,0
army,0
artisan,0
artworld,0
attempt,0
attraction,0
au,0
author2,0
background,0
big,0
blog,0
blogs,0
britain,0
built,0
career,0
careers,0
carpets,0
carr,0
centre,0
ceramics,0
cgi,0
characterized,0
choices,0
christopher,0
cities,0
coast,0
codes,0
color,0
compared,0
concepts,0
conservation,0
constraints,0
contexts,0
critics,0
critique,0
days,0
demand,0
democratic,0
depiction,0
determine,0
develop,0
divided,0
division,0
dorst,0
drasher,0
eagle,0
earth,0
effects,0
el,0
essential,0
establish,0
eugene,0
evidence,0
execution,0
exists,0
expand,0
exploration,0
eye,0
features,0
festival,0
find,0
first1,0
fr,0
freely,0
ft,0
functional,0
funded,0
gov,0
guardian,0
hard,0
henry,0
hermitage,0
hollywood,0
hudson,0
ideal,0
iii,0
india,0
industries,0
influence,0
ingushetia,0
interview,0
introduced,0
japanese,0
jerusalem,0
johnson,0
jsp,0
kant,0
kingdom,0
land,0
langlois,0
largest,0
launched,0
leader,0
lectures,0
liebermann,0
lingo,0
literacy,0
lower,0
manual,0
manufacturing,0
markets,0
marriage,0
masters,0
metal,0
mexico,0
middle,0
milan,0
money,0
muralists,0
ndash,0
noise,0
nshirt,0
nytimes,0
oak,0
offers,0
offices,0
ordinary,0
palace,0
pay,0
pencil,0
performa,0
performances,0
personal,0
perspectives,0
photographic,0
pictures,0
platform,0
positions,0
presenters,0
principles,0
problems,0
producing,0
professionals,0
protection,0
publication,0
publishers,0
purpose,0
qualities,0
rainer,0
reader,0
readymades,0
regional,0
relation,0
required,0
rich,0
rose,0
search,0
shapes,0
shenzhen,0
slum,0
smith,0
sosnowska,0
sources,0
spaces,0
specifically,0
spellos,0
stage,0
student,0
thames,0
thing,0
tiles,0
topic,0
toronto,0
tourism,0
traditions,0
trend,0
tv,0
upper,0
values,0
vcu,0
views,0
vimeo,0
virtual,0
visit,0
vol,0
von,0
white,0
wikt,0
wiley,0
words,0
wp,0
history,1
historical,1
amp,1
title,1
world,1
study,1
ancient,1
time,1
publisher,1
isbn,1
category,1
university,1
modern,1
century,1
age,1
period,1
past,1
press,1
local,1
historians,1
europe,1
science,1
date,1
early,1
marine,1
social,1
id,1
cultural,1
timeline,1
united,1
war,1
accessdate,1
states,1
political,1
intellectual,1
google,1
journal,1
writing,1
antiquarian,1
chronology,1
people,1
antiquaries,1
era,1
events,1
historiography,1
society,1
sociology,1
south,1
america,1
ideas,1
middle,1
biology,1
national,1
work,1
bc,1
indigenous,1
culture,1
main,1
anachronism,1
church,1
roman,1
theory,1
economic,1
empire,1
oxford,1
pg,1
republic,1
revolution,1
american,1
research,1
studies,1
western,1
asia,1
dynasty,1
general,1
john,1
historian,1
location,1
ocean,1
page,1
peoples,1
place,1
web,1
archaeology,1
life,1
list,1
military,1
north,1
sources,1
ages,1
great,1
harv,1
lost,1
present,1
english,1
field,1
topic,1
east,1
human,1
knowledge,1
late,1
pp,1
revd,1
sea,1
works,1
written,1
30em,1
bce,1
china,1
jpg,1
london,1
philosophy,1
references,1
technology,1
york,1
africa,1
art,1
charles,1
information,1
source,1
thumb,1
william,1
academic,1
authorlink,1
centuries,1
classical,1
egypt,1
historic,1
island,1
natural,1
recorded,1
records,1
state,1
author,1
central,1
col,1
colbegin,1
colend,1
primary,1
antiquary,1
cambridge,1
change,1
file,1
international,1
made,1
popular,1
term,1
context,1
england,1
found,1
global,1
industrial,1
kingdom,1
literature,1
method,1
music,1
nbsp,1
pdf,1
sciences,1
small,1
view,1
19th,1
calendar,1
contemporary,1
crusade,1
deep,1
developed,1
french,1
greek,1
histories,1
important,1
india,1
james,1
links,1
marmaras,1
medieval,1
public,1
renaissance,1
rome,1
terms,1
warfare,1
wars,1
australia,1
city,1
development,1
discipline,1
environmental,1
european,1
evidence,1
individuals,1
introduction,1
methods,1
prehistory,1
russia,1
thought,1
anachronisms,1
antiquity,1
archaeological,1
began,1
bishop,1
discovery,1
ed,1
existed,1
france,1
george,1
germany,1
guide,1
including,1
library,1
periods,1
reflist,1
region,1
thomas,1
times,1
trade,1
volume,1
xtf,1
based,1
concept,1
education,1
latin,1
project,1
scientific,1
victoria,1
al,1
article,1
british,1
chapter,1
common,1
countries,1
cultures,1
decay,1
end,1
form,1
high,1
language,1
material,1
places,1
recent,1
resources,1
sense,1
systems,1
analysis,1
antiquarianism,1
arts,1
doi,1
exploration,1
external,1
internet,1
japan,1
left,1
part,1
prehistoric,1
process,1
set,1
teaching,1
theories,1
ad,1
called,1
contexts,1
dating,1
documents,1
edition,1
elegant,1
generally,1
generation,1
idea,1
include,1
interest,1
number,1
online,1
practice,1
published,1
reading,1
refer,1
reference,1
robert,1
russian,1
scholars,1
societies,1
subject,1
texts,1
type,1
vol,1
accounts,1
antiquarians,1
artifacts,1
chronological,1
chronologies,1
citation,1
collections,1
continent,1
david,1
defaultsort,1
dictionary,1
disciplines,1
first2,1
globalization,1
greece,1
islands,1
issue,1
last2,1
literary,1
major,1
neos,1
november,1
oceans,1
politics,1
professor,1
related,1
richard,1
separate,1
services,1
sir,1
soviet,1
text,1
16th,1
biodiversity,1
britain,1
ce,1
christ,1
civilization,1
considered,1
day,1
debate,1
depression,1
due,1
earliest,1
eds,1
eras,1
facts,1
figures,1
founded,1
groups,1
humanities,1
impact,1
interpretation,1
ireland,1
jeffrey,1
large,1
law,1
levinton,1
lib,1
madrid,1
monuments,1
news,1
object,1
outline,1
peter,1
physical,1
recording,1
relations,1
religion,1
researchers,1
secondary,1
site,1
sites,1
system,1
technological,1
topics,1
union,1
virginia,1
aristotle,1
back,1
battle,1
bbc,1
bronze,1
cases,1
collection,1
concepts,1
concerned,1
critical,1
earth,1
eastern,1
established,1
examples,1
fiction,1
film,1
german,1
glossary,1
held,1
ii,1
image,1
journals,1
june,1
king,1
labor,1
land,1
lists,1
living,1
narrative,1
northern,1
parts,1
post,1
professional,1
provide,1
question,1
record,1
religious,1
restoration,1
result,1
scale,1
scientists,1
significant,1
specific,1
stone,1
students,1
supercontinent,1
tilly,1
water,1
account,1
americas,1
architecture,1
arthur,1
begins,1
chinese,1
christopher,1
civilizations,1
classification,1
collective,1
corpuz,1
dates,1
dichist,1
docid,1
economies,1
editor,1
emergence,1
empirical,1
enlightenment,1
environment,1
explore,1
fall,1
family,1
fields,1
future,1
gender,1
government,1
group,1
historically,1
house,1
humanism,1
ibn,1
index,1
individual,1
inscriptions,1
kingdoms,1
levine,1
meaning,1
momigliano,1
nation,1
neolithic,1
order,1
path,1
perspective,1
perspectives,1
point,1
publishing,1
pursuit,1
regions,1
review,1
school,1
side,1
spanish,1
style,1
tauli,1
tei,1
textbooks,1
today,1
TRUE,1
types,1
understanding,1
venice,1
widely,1
working,1
anthony,1
archive,1
area,1
areas,1
astronomy,1
body,1
carras,1
christianity,1
college,1
control,1
council,1
country,1
county,1
data,1
december,1
diplomatic,1
ecology,1
effect,1
encyclopedia,1
fact,1
famous,1
first1,1
forms,1
function,1
gov,1
historia,1
htm,1
humans,1
iii,1
included,1
increasingly,1
info,1
interests,1
italy,1
jurassic,1
kind,1
korea,1
last1,1
legal,1
link,1
long,1
mass,1
mathematics,1
media,1
michael,1
mid,1
movement,1
names,1
nationalization,1
network,1
notable,1
objects,1
observations,1
oceania,1
official,1
oral,1
organization,1
painting,1
paradigm,1
paul,1
person,1
philip,1
policy,1
postscript,1
pre,1
precambrian,1
pseudohistory,1
publication,1
refers,1
scholarship,1
scotland,1
sequence,1
spain,1
stephen,1
structures,1
techniques,1
tertiary,1
things,1
tradition,1
traditions,1
transport,1
ukraine,1
ways,1
word,1
writings,1
accepted,1
activities,1
adopted,1
agreement,1
anglican,1
annals,1
april,1
atlantic,1
authors,1
baltica,1
beginning,1
bias,1
building,1
business,1
carolingian,1
case,1
cathedral,1
christian,1
chronicle,1
civil,1
coauthors,1
columbian,1
commonly,1
communities,1
community,1
comparative,1
contributions,1
cook,1
created,1
current,1
curriculum,1
daniel,1
darwin,1
defined,1
descriptions,1
develop,1
diocese,1
elias,1
es,1
espa,1
ethics,1
findings,1
focus,1
formed,1
foundation,1
fourth,1
francis,1
genealogy,1
geography,1
grafton,1
increased,1
initial,1
institute,1
institutions,1
invention,1
islam,1
italian,1
jstor,1
led,1
level,1
located,1
make,1
making,1
man,1
march,1
marinebio,1
martin,1
mediterranean,1
men,1
mesopotamia,1
originally,1
ottoman,1
paleolithic,1
pangea,1
passed,1
peninsula,1
pietersburg,1
plate,1
poland,1
porto,1
put,1
questions,1
regional,1
religions,1
rev,1
rights,1
routledge,1
schools,1
scott,1
script,1
search,1
series,1
speaking,1
star,1
studied,1
supper,1
thomson,1
tool,1
tosh,1
transformation,1
ussr,1
values,1
ven,1
views,1
village,1
voyage,1
ward,1
website,1
westminster,1
woolf,1
writers,1
wto,1
zealand,1
political,2
public,2
amp,2
title,2
politics,2
web,2
publisher,2
social,2
date,2
international,2
opinion,2
science,2
category,2
accessdate,2
government,2
united,2
world,2
states,2
state,2
media,2
national,2
law,2
policy,2
isbn,2
rights,2
press,2
university,2
party,2
york,2
people,2
speaking,2
general,2
journal,2
relations,2
space,2
theory,2
news,2
power,2
war,2
research,2
society,2
human,2
influence,2
work,2
population,2
american,2
polarization,2
communication,2
art,2
feminism,2
issue,2
oxford,2
register,2
movement,2
group,2
question,2
studies,2
interest,2
change,2
location,2
london,2
nation,2
demography,2
leader,2
mass,2
references,2
argument,2
century,2
form,2
october,2
page,2
process,2
system,2
debate,2
legal,2
model,2
nasa,2
ndash,2
times,2
body,2
history,2
music,2
pdf,2
station,2
association,2
criminal,2
european,2
issues,2
lobbying,2
scientific,2
gov,2
list,2
parties,2
paul,2
study,2
civil,2
disability,2
modern,2
china,2
countries,2
term,2
article,2
based,2
center,2
groups,2
personal,2
reflist,2
time,2
volume,2
women,2
america,2
english,2
freedom,2
john,2
organization,2
torture,2
wide,2
author,2
crime,2
election,2
flow,2
members,2
part,2
police,2
spin,2
democracy,2
eu,2
europe,2
htm,2
jewish,2
office,2
organisation,2
security,2
canada,2
david,2
death,2
dictionary,2
ed,2
id,2
information,2
justice,2
council,2
fact,2
lazarsfeld,2
lobby,2
medical,2
parliamentary,2
pp,2
socialist,2
step,2
view,2
act,2
climate,2
economic,2
foreign,2
include,2
iss,2
leaders,2
main,2
nations,2
religious,2
role,2
speech,2
topic,2
transparency,2
england,2
events,2
individuals,2
jews,2
myth,2
number,2
order,2
person,2
politic,2
scholars,2
socialism,2
structure,2
considered,2
left,2
parliament,2
youth,2
conflict,2
made,2
make,2
polarized,2
post,2
subject,2
agency,2
anti,2
behavior,2
city,2
common,2
doi,2
index,2
laws,2
organizations,2
revolution,2
speakers,2
theories,2
voting,2
action,2
amnesty,2
canadian,2
citation,2
control,2
esa,2
faction,2
factions,2
feminist,2
house,2
individual,2
january,2
nature,2
papers,2
reform,2
robert,2
russian,2
scientists,2
september,2
thought,2
authorlink,2
chapter,2
community,2
critical,2
culture,2
development,2
harm,2
health,2
including,2
legislative,2
member,2
moral,2
movements,2
net,2
philosophy,2
set,2
terms,2
trade,2
understanding,2
union,2
washington,2
william,2
acts,2
age,2
analysis,2
conduct,2
congress,2
germany,2
ideology,2
important,2
jpg,2
life,2
links,2
nbsp,2
opinions,2
place,2
protest,2
religion,2
republic,2
routledge,2
technology,2
violence,2
ashworth,2
autonomy,2
case,2
choice,2
consequences,2
current,2
data,2
december,2
democratic,2
eric,2
ethics,2
feyerabend,2
file,2
focus,2
force,2
german,2
historical,2
june,2
kaufmann,2
language,2
making,2
nationalism,2
open,2
php,2
purpose,2
thumb,2
wilson,2
argue,2
background,2
basis,2
brookings,2
capital,2
class,2
controversy,2
early,2
edition,2
education,2
free,2
gender,2
genocide,2
governments,2
influenced,2
institutions,2
interests,2
november,2
operation,2
participation,2
peace,2
print,2
reading,2
red,2
report,2
views,2
affairs,2
african,2
archive,2
argues,2
binder,2
black,2
clubs,2
country,2
court,2
decisions,2
epstein,2
examples,2
external,2
high,2
liberal,2
limited,2
lobbyists,2
needed,2
opposition,2
oup,2
practice,2
punishment,2
review,2
room,2
style,2
voters,2
womens,2
access,2
activity,2
agenda,2
align,2
aronowitz,2
authority,2
chinese,2
convention,2
demographic,2
environment,2
factional,2
factors,2
federal,2
google,2
great,2
ideas,2
ii,2
institute,2
katz,2
lawyers,2
leadership,2
major,2
man,2
martin,2
men,2
military,2
polls,2
pr,2
presidential,2
principles,2
result,2
risk,2
robeson,2
rule,2
rules,2
significant,2
soviet,2
student,2
support,2
typically,2
width,2
working,2
works,2
audience,2
baker,2
basic,2
campaign,2
catalog,2
cfm,2
citizens,2
communications,2
content,2
criminalization,2
criticism,2
dance,2
decision,2
defaultsort,2
describe,2
editor,2
feb,2
french,2
global,2
growth,2
guardian,2
importance,2
industry,2
interpretation,2
jan,2
judicial,2
live,2
mar,2
march,2
means,2
penalty,2
peoples,2
point,2
principle,2
professional,2
region,2
skills,2
south,2
stanley,2
systems,2
thomas,2
violations,2
voter,2
administration,2
aging,2
americas,2
ancient,2
arts,2
august,2
blue,2
british,2
brutality,2
called,2
cambridge,2
cases,2
chicago,2
concept,2
cultural,2
defined,2
definition,2
description,2
elite,2
famine,2
generally,2
george,2
goldstone,2
greater,2
italian,2
jstor,2
latin,2
learning,2
level,2
long,2
majority,2
mandatory,2
north,2
objective,2
otis,2
positions,2
program,2
programme,2
project,2
propaganda,2
provide,2
publishing,2
related,2
response,2
russia,2
school,2
seattle,2
service,2
similar,2
simply,2
training,2
victims,2
voice,2
alliance,2
approach,2
arguments,2
backlash,2
belief,2
campaigns,2
charles,2
ci,2
cn,2
committee,2
company,2
concerns,2
constitution,2
crimes,2
csa,2
dennis,2
duffy,2
effective,2
egg,2
environmental,2
equality,2
face,2
fascism,2
fertility,2
higher,2
idea,2
july,2
key,2
large,2
largely,2
lead,2
legislation,2
limits,2
middle,2
monica,2
natural,2
official,2
physical,2
plato,2
policies,2
populations,2
problem,2
psychology,2
published,2
questions,2
regulation,2
reshaping,2
rome,2
rostrum,2
sciences,2
sense,2
source,2
specific,2
stanford,2
survey,2
tax,2
today,2
toft,2
traditional,2
truth,2
universal,2
vol,2
welfare,2
west,2
widespread,2
academic,2
address,2
agreement,2
americanpolitics,2
artists,2
aspects,2
assembly,2
attempt,2
attitudes,2
australian,2
behaviour,2
belt,2
bill,2
brady,2
business,2
candidates,2
care,2
commons,2
concepts,2
counter,2
criminology,2
developed,2
discourse,2
due,2
electoral,2
elements,2
ethnic,2
feminists,2
financial,2
framing,2
function,2
home,2
increase,2
insurgency,2
introduction,2
involved,2
james,2
japan,2
joseph,2
journals,2
kingdom,2
library,2
licensing,2
method,2
michael,2
oecd,2
oratory,2
ordinance,2
outpost,2
partisan,2
politicalsociology,2
polity,2
publics,2
quarterly,2
racial,2
radical,2
range,2
relationship,2
revolutionary,2
rhetoric,2
served,2
show,2
sovereignty,2
sphere,2
stable,2
students,2
type,2
utm,2
ways,2
website,2
western,2
white,2
word,2
young,2
21st,2
abortion,2
actions,2
active,2
activities,2
anton,2
articles,2
author2,2
back,2
benefit,2
brazil,2
central,2
claim,2
clash,2
classification,2
club,2
columbia,2
commonly,2
constitutional,2
decrease,2
died,2
earth,2
east,2
economy,2
eds,2
effects,2
end,2
evidence,2
executive,2
exist,2
faculty,2
federalist,2
female,2
field,2
formal,2
framework,2
france,2
frso,2
game,2
goals,2
good,2
greek,2
growing,2
head,2
highly,2
hypothesis,2
identity,2
iga,2
image,2
improve,2
includes,2
influential,2
instance,2
int,2
judges,2
knowledge,2
leads,2
macmillan,2
matter,2
matters,2
message,2
mission,2
newspaper,2
nytimes,2
online,2
opponents,2
opposed,2
original,2
persons,2
pg,2
politician,2
politicians,2
position,2
pre,2
produce,2
professor,2
proposed,2
publications,2
quote,2
recognized,2
reference,2
regulations,2
reports,2
representative,2
representatives,2
resolution,2
resources,2
rise,2
roman,2
seat,2
seek,2
single,2
sociology,2
stalin,2
terrorism,2
treatment,2
vote,2
wikipedia,2
won,2
written,2
ability,2
abstract,2
alter,2
applied,2
april,2
area,2
aristotle,2
base,2
begin,2
bodies,2
broader,2
bush,2
candidate,2
carried,2
classical,2
coffee,2
college,2
commission,2
competition,2
conducted,2
conservative,2
contemporary,2
contract,2
creation,2
crew,2
czech,2
deal,2
debates,2
degree,2
differences,2
differential,2
divided,2
dodson,2
domestic,2
elections,2
entropa,2
evolution,2
findings,2
frank,2
galston,2
georgetown,2
governmental,2
hill,2
hillingdon,2
historically,2
impact,2
independent,2
india,2
internet,2
italy,2
killing,2
king,2
late,2
layman,2
leading,2
levels,2
leviathan,2
mann,2
mark,2
mcclure,2
metaphor,2
methods,2
minister,2
mit,2
ngo,2
nivola,2
notion,2
oclc,2
ontology,2
orators,2
orlowski,2
palgrave,2
partners,2
passed,2
period,2
perspective,2
peter,2
petition,2
philosophers,2
popular,2
powerful,2
powers,2
president,2
prison,2
profile,2
protection,2
psychological,2
radio,2
rates,2
reason,2
recent,2
registers,2
royal,2
run,2
search,2
section,2
separation,2
serve,2
setting,2
sex,2
small,2
socrates,2
sources,2
ssrn,2
story,2
strong,2
suffrage,2
supranational,2
team,2
techniques,2
terror,2
transition,2
variety,2
wars,2
wave,2
account,2
activism,2
advocacy,2
africa,2
agencies,2
aim,2
americans,2
argued,2
armed,2
asia,2
associations,2
athens,2
australia,2
bc,2
berlin,2
branch,2
brown,2
california,2
changed,2
charter,2
christian,2
cited,2
col,2
collective,2
colonies,2
communist,2
conditions,2
conflicts,2
constructed,2
continued,2
corporate,2
correction,2
created,2
criticisms,2
criticized,2
critics,2
critiques,2
dec,2
demand,2
demands,2
democracies,2
demographics,2
der,2
direct,2
doc,2
dominant,2
elihu,2
enforcement,2
eng,2
engage,2
entry,2
existence,2
explicitly,2
facts,2
FALSE,2
family,2
fascist,2
february,2
feinberg,2
fight,2
forces,2
format,2
formed,2
functioning,2
gain,2
gallup,2
give,2
globalization,2
graham,2
hand,2
handbook,2
hobbes,2
identification,2
implementation,2
implications,2
included,2
increasing,2
increasingly,2
inequality,2
influentials,2
institution,2
interim,2
involvement,2
jaxa,2
jones,2
journalism,2
jr,2
kings,2
led,2
lewis,2
liberation,2
literature,2
lobbyist,2
local,2
logical,2
magazine,2
manned,2
marxism,2
marxists,2
meetings,2
minnesota,2
minority,2
modified,2
mofcom,2
mou,2
negative,2
nfl,2
notes,2
numbers,2
oed,2
offered,2
officials,2
partnership,2
pietro,2
play,2
policing,2
politically,2
politicized,2
present,2
presidency,2
problems,2
profession,2
publication,2
purely,2
race,2
reaction,2
realism,2
referred,2
regional,2
relation,2
remained,2
renaissance,2
rescueeuregister,2
road,2
sanction,2
sarah,2
senate,2
separate,2
shared,2
shown,2
sinclair,2
sneps,2
sociological,2
sol3,2
speak,2
spinwatch,2
status,2
statute,2
stem,2
strategic,2
sun,2
susan,2
takes,2
tend,2
topics,2
tory,2
univ,2
voluntary,2
washingtonpost,2
widely,2
wilsoncenter1,2
wing,2
workers,2
worldcat,2
wrote,2
yale,2
technology,3
science,3
amp,3
title,3
category,3
technological,3
date,3
system,3
information,3
social,3
publisher,3
research,3
industry,3
communication,3
technologies,3
development,3
history,3
design,3
systems,3
time,3
journal,3
pdf,3
web,3
society,3
management,3
digital,3
students,3
industrial,3
studies,3
theory,3
engineering,3
change,3
energy,3
process,3
data,3
computer,3
media,3
virtual,3
human,3
isbn,3
level,3
video,3
product,3
technical,3
press,3
service,3
assessment,3
include,3
references,3
world,3
environment,3
accessdate,3
business,3
innovation,3
parts,3
user,3
heat,3
based,3
high,3
learning,3
university,3
collaboration,3
moving,3
white,3
work,3
application,3
patent,3
international,3
processes,3
citation,3
knowledge,3
manufacturing,3
space,3
author,3
series,3
readiness,3
trl,3
water,3
doi,3
products,3
storage,3
applications,3
reflist,3
concept,3
external,3
future,3
part,3
platform,3
century,3
model,3
cost,3
materials,3
people,3
production,3
software,3
applied,3
july,3
life,3
privacy,3
economic,3
methods,3
news,3
performance,3
thermal,3
experience,3
policy,3
conference,3
examples,3
group,3
intelligent,3
scientific,3
company,3
including,3
modern,3
number,3
pp,3
services,3
contribution,3
developed,3
field,3
id,3
volume,3
construction,3
control,3
language,3
machine,3
ta,3
environments,3
equipment,3
first1,3
htm,3
levels,3
market,3
provide,3
teaching,3
trade,3
dynetics,3
government,3
index,3
law,3
place,3
solar,3
last1,3
list,3
online,3
transition,3
analysis,3
content,3
factors,3
links,3
nowrap,3
october,3
open,3
project,3
approach,3
early,3
education,3
game,3
key,3
location,3
math,3
nasa,3
needed,3
small,3
tools,3
united,3
european,3
literacy,3
mass,3
national,3
personal,3
program,3
reading,3
report,3
sts,3
transitions,3
components,3
due,3
large,3
made,3
method,3
nature,3
public,3
article,3
canada,3
general,3
global,3
internet,3
major,3
marine,3
programs,3
related,3
companies,3
cycle,3
devices,3
main,3
make,3
november,3
revolution,3
source,3
study,3
support,3
users,3
values,3
york,3
al,3
basic,3
device,3
harvnb,3
health,3
machines,3
theories,3
tool,3
building,3
complex,3
costs,3
enamel,3
existing,3
free,3
gov,3
important,3
network,3
phase,3
power,3
problems,3
show,3
countries,3
defined,3
effects,3
fields,3
file,3
institute,3
integrated,3
issue,3
mechanical,3
prototype,3
state,3
states,3
visual,3
cambridge,3
case,3
community,3
edition,3
evergreening,3
first2,3
jr,3
last2,3
making,3
maskall,3
pharmaceutical,3
regime,3
results,3
term,3
test,3
writing,3
called,3
center,3
conditions,3
critical,3
form,3
members,3
multi,3
operating,3
political,3
retrieved,3
sfn,3
similar,3
soundslides,3
access,3
computers,3
economics,3
geels,3
heating,3
image,3
impact,3
increased,3
innovations,3
interaction,3
laboratory,3
means,3
order,3
organization,3
php,3
printing,3
range,3
significant,3
student,3
technophobia,3
understanding,3
additional,3
advanced,3
convert,3
culture,3
efficiency,3
electronic,3
jpg,3
oil,3
required,3
rsvp,3
scale,3
school,3
september,3
specific,3
strategic,3
thumb,3
air,3
association,3
computing,3
considered,3
corporate,3
current,3
diffusion,3
district,3
emerging,3
end,3
foresight,3
generic,3
groups,3
includes,3
relevant,3
risk,3
set,3
standards,3
structures,3
team,3
age,3
concepts,3
determined,3
dynamics,3
environmental,3
evaluation,3
humans,3
ibns,3
integration,3
planning,3
rapid,3
schools,3
temperature,3
april,3
aspects,3
bgcolor,3
class,3
context,3
create,3
demonstration,3
elements,3
embossing,3
evolution,3
gadget,3
home,3
identity,3
intelligence,3
london,3
maturity,3
mobile,3
office,3
platforms,3
real,3
renaissance,3
stage,3
task,3
teams,3
techno,3
testing,3
version,3
american,3
common,3
curriculum,3
definition,3
final,3
flagicon,3
gas,3
grade,3
ground,3
https,3
idea,3
instrument,3
invention,3
low,3
material,3
operational,3
outline,3
paper,3
potential,3
presented,3
rate,3
speed,3
stes,3
timeline,3
transfer,3
activities,3
actual,3
address,3
audio,3
car,3
central,3
customer,3
forms,3
growth,3
hardware,3
higher,3
individual,3
interest,3
june,3
participants,3
point,3
protection,3
quality,3
radio,3
result,3
shaping,3
sociology,3
structure,3
substrate,3
tech,3
transportation,3
annual,3
area,3
articles,3
built,3
cash,3
characteristics,3
classroom,3
definitions,3
editor,3
english,3
february,3
freedom,3
full,3
function,3
functions,3
generally,3
ideas,3
instruments,3
introduction,3
john,3
line,3
link,3
natural,3
nbsp,3
net,3
patents,3
porcelain,3
practice,3
scholars,3
sci,3
standard,3
text,3
training,3
works,3
agency,3
board,3
commonly,3
component,3
conferencing,3
created,3
curve,3
decision,3
defaultsort,3
designed,3
developing,3
enhancing,3
features,3
focus,3
found,3
frit,3
greater,3
ii,3
infrastructure,3
issues,3
launch,3
limited,3
march,3
progress,3
requirements,3
role,3
screen,3
skills,3
socio,3
sustainable,3
teachers,3
times,3
addition,3
amount,3
areas,3
authorlink,3
bc,3
benefit,3
breadboard,3
collaborators,3
cultural,3
drug,3
educational,3
emotion,3
europe,3
evolutionary,3
face,3
financial,3
funding,3
google,3
iml,3
legal,3
living,3
medium,3
mit,3
organizational,3
original,3
page,3
period,3
physical,3
problem,3
question,3
resources,3
review,3
rights,3
safety,3
section,3
staff,3
store,3
teacher,3
thomas,3
typically,3
view,3
words,3
achieved,3
aerospace,3
commercial,3
communications,3
day,3
defense,3
density,3
difficult,3
eces,3
economy,3
effective,3
electrical,3
electronics,3
established,3
eu,3
flight,3
items,3
journals,3
loss,3
ma,3
man,3
mathematics,3
metal,3
military,3
newspaper,3
notes,3
percent,3
perspective,3
philosophy,3
presence,3
presentation,3
proceedings,3
produce,3
properties,3
relative,3
researchers,3
richard,3
shown,3
side,3
speech,3
techniques,3
terms,3
uxa,3
ability,3
achieve,3
added,3
agreement,3
algorithm,3
attentional,3
australia,3
awareness,3
cfm,3
copy,3
department,3
develop,3
eds,3
engineers,3
experts,3
give,3
highly,3
iea,3
implementation,3
influence,3
inside,3
intellectual,3
involved,3
lead,3
liquid,3
long,3
marketing,3
mechanism,3
mode,3
movement,3
multiple,3
niche,3
organizations,3
physics,3
pr,3
practices,3
price,3
provider,3
ratio,3
robert,3
seasonal,3
separate,3
short,3
structural,3
target,3
things,3
turn,3
type,3
types,3
ux,3
verbal,3
1980s,3
action,3
art,3
aspx,3
ates,3
attention,3
began,3
behavior,3
big,3
border,3
cases,3
cell,3
coalescers,3
cognitive,3
collaborative,3
comparison,3
competitive,3
concerned,3
darwin,3
david,3
dead,3
docs,3
dod,3
exchange,3
fear,3
food,3
format,3
frequency,3
gadgets,3
goods,3
great,3
increase,3
internal,3
kinetic,3
lock,3
michael,3
multimedia,3
occur,3
phases,3
points,3
principles,3
processing,3
produced,3
projects,3
proposed,3
provided,3
published,3
reduced,3
reference,3
represents,3
sciences,3
security,3
shows,3
size,3
solid,3
stanford,3
steel,3
strut,3
success,3
terahertz,3
tested,3
tlc,3
topics,3
trips,3
word,3
apple,3
approaches,3
assembly,3
base,3
british,3
challenges,3
changing,3
conferences,3
contestants,3
cycles,3
describes,3
description,3
droplet,3
earth,3
effect,3
electric,3
expanded,3
expected,3
expert,3
fact,3
fidelity,3
film,3
flow,3
force,3
forecasting,3
goals,3
house,3
intended,3
invented,3
iron,3
late,3
latour,3
library,3
local,3
luddites,3
measures,3
mediated,3
member,3
methodology,3
motion,3
music,3
musical,3
networks,3
nuclear,3
observed,3
pets,3
play,3
professional,3
proof,3
property,3
refers,3
regulation,3
regulations,3
resistance,3
response,3
ring,3
rohrbeck,3
scaling,3
scouting,3
shift,3
showed,3
simple,3
spaces,3
step,3
supporting,3
technique,3
technophobic,3
temperatures,3
today,3
variety,3
waste,3
wide,3
19th,3
abbr,3
absorbers,3
actors,3
affect,3
allowed,3
allowing,3
alternative,3
analytical,3
anticipated,3
archive,3
back,3
beliefs,3
build,3
capital,3
chemical,3
choice,3
coalescer,3
communicate,3
conducted,3
continuous,3
contract,3
customers,3
detection,3
determine,3
dictionary,3
documents,3
drawing,3
electrostatic,3
embedded,3
engine,3
find,3
firm,3
functionality,3
gains,3
gap,3
german,3
good,3
hand,3
harv,3
ibm,3
independent,3
individuals,3
interactive,3
item,3
january,3
legislation,3
lte,3
marshall,3
meet,3
negative,3
ny,3
operations,3
opportunity,3
options,3
performed,3
phone,3
physically,3
portal,3
positive,3
post,3
print,3
private,3
providers,3
providing,3
psychology,3
pump,3
reason,3
share,3
sharing,3
successful,3
surface,3
transport,3
TRUE,3
usability,3
vehicles,3
vol,3
war,3
widely,3
wiki,3
wikipedia,3
winter,3
working,3
worlds,3
acceptance,3
act,3
actions,3
activity,3
agent,3
anti,3
aquifer,3
artificial,3
arts,3
attempt,3
blink,3
bring,3
buildings,3
cellular,3
chapter,3
cold,3
combination,3
crank,3
creating,3
cross,3
degree,3
demonstrated,3
display,3
dry,3
easily,3
ed,3
edge,3
effectively,3
efficient,3
email,3
enabling,3
era,3
evidence,3
exist,3
f0f8ff,3
factory,3
findings,3
firms,3
focuses,3
fully,3
gain,3
george,3
germany,3
goal,3
held,3
historical,3
holder,3
identify,3
implemented,3
industries,3
institutions,3
interdisciplinary,3
leading,3
learn,3
licensing,3
load,3
lower,3
makers,3
manufacturers,3
measurement,3
million,3
multicast,3
ndash,3
paradigm,3
parties,3
pictures,3
players,3
pmid,3
prevent,3
primary,3
propulsion,3
publishing,3
questions,3
recent,3
release,3
rf,3
sector,3
seek,3
sees,3
serial,3
simulated,3
single,3
slurry,3
specifically,3
start,3
stock,3
stores,3
supply,3
sustainability,3
telecommunications,3
validation,3
videos,3
wiley,3
william,3
williams,3
active,3
advantage,3
ancient,3
architecture,3
artifacts,3
ausfta,3
authors,3
begins,3
bibcode,3
bijker,3
btes,3
capacity,3
carbon,3
characteristic,3
children,3
choose,3
cited,3
classrooms,3
coating,3
color,3
compact,3
composite,3
composites,3
contents,3
crime,3
december,3
decline,3
desired,3
discourse,3
discussion,3
doc,3
download,3
driving,3
earlier,3
earliest,3
enables,3
enamelling,3
entry,3
expectations,3
exploitation,3
fairwaves,3
FALSE,3
fiber,3
files,3
foundation,3
founded,3
fprf,3
frame,3
games,3
gutenberg,3
half,3
hall,3
handling,3
harvard,3
henry,3
iet,3
images,3
improve,3
included,3
income,3
instruction,3
interact,3
inventions,3
james,3
joint,3
lattice,3
led,3
length,3
letter,3
lifecycle,3
light,3
lime,3
lists,3
live,3
makes,3
managing,3
martin,3
meaning,3
measure,3
middle,3
modes,3
motor,3
numbers,3
operation,3
opportunities,3
oxford,3
panel,3
parachute,3
parliament,3
past,3
paul,3
practical,3
prc,3
present,3
primarily,3
prime,3
programme,3
proven,3
purpose,3
radical,3
recently,3
register,3
relationship,3
reported,3
require,3
respect,3
revival,3
shape,3
shapes,3
shared,3
soil,3
solutions,3
station,3
steam,3
stockton,3
subject,3
subsequent,3
suggests,3
tasks,3
todinov2007,3
unit,3
vehicle,3
venture,3
vision,3
wainfan,3
ways,3
wear,3
wheel,3
wired,3
written,3
academic,3
acm,3
adoption,3
algorithms,3
anonymous,3
answer,3
aspect,3
assessing,3
assumptions,3
august,3
australian,3
bank,3
banknotes,3
basis,3
beginning,3
box,3
bruno,3
capabilities,3
changed,3
chase,3
chicago,3
clarify,3
collection,3
communicating,3
compared,3
competing,3
competition,3
complexity,3
connections,3
consists,3
consumer,3
contestant,3
copies,3
da,3
decisions,3
deep,3
democracy,3
describe,3
designs,3
determinism,3
di,3
dimensions,3
discrete,3
distributed,3
droplets,3
e6e6fa,3
elementary,3
enabled,3
establish,3
ethics,3
facilitate,3
failure,3
first3,3
focused,3
follow,3
forces,3
forcing,3
frac,3
france,3
historians,3
ict,3
implicit,3
increases,3
influenced,3
initial,3
initially,3
issued,3
iste,3
lack,3
last3,3
left,3
license,3
lift,3
linkage,3
linked,3
liquids,3
majority,3
medicine,3
microwave,3
mission,3
money,3
newsletter,3
occurs,3
papers,3
person,3
pg,3
placement,3
pollution,3
population,3
powered,3
pre,3
protect,3
pta,3
publications,3
referred,3
relation,3
reports,3
representative,3
resource,3
richness,3
rip,3
sense,3
ship,3
signal,3
signature,3
significantly,3
societies,3
socrates,3
solving,3
sources,3
special,3
stages,3
stored,3
sum,3
supports,3
survey,3
sweden,3
synthesis,3
technologys,3
tests,3
therapeutic,3
thickness,3
thought,3
total,3
traditional,3
understand,3
unique,3
universal,3
universities,3
van,3
vital,3
wajcman,3
weber,3
website,3
wegemt,3
windows,3
wireless,3
worldwide,3
account,3
adopted,3
advantages,3
agricultural,3
aided,3
amendments,3
analytic,3
appears,3
approval,3
asia,3
asp,3
assess,3
asynchronous,3
atmae,3
attached,3
automated,3
automobile,3
autonomy,3
biotechnology,3
body,3
brain,3
caused,3
centers,3
charles,3
choices,3
cities,3
collaborate,3
college,3
commission,3
competitiveness,3
connecting,3
constructed,3
contact,3
convergence,3
creative,3
deals,3
delivery,3
demand,3
depending,3
determining,3
developments,3
diameter,3
dimensional,3
directly,3
distribution,3
dk,3
dominated,3
double,3
element,3
elsevier,3
enhanced,3
excess,3
expanding,3
experimental,3
explicit,3
explore,3
frequently,3
gao,3
generation,3
genus,3
geometry,3
heidegger,3
historic,3
hughes,3
impossible,3
improved,3
increasing,3
increasingly,3
india,3
initiative,3
interests,3
interseasonal,3
introduced,3
israel,3
itas,3
keeping,3
kevin,3
ladislao,3
largest,3
lattices,3
leads,3
letters,3
lewis,3
mackenzie,3
markets,3
measured,3
measuring,3
merchants,3
microsoft,3
mil,3
milliseconds,3
mlp,3
models,3
months,3
motivation,3
native,3
netherlands,3
networking,3
newton,3
notion,3
objective,3
occurring,3
offer,3
onepage,3
ongoing,3
outcomes,3
overview,3
passive,3
pattern,3
perez,3
perseus,3
pharmaceuticals,3
pinch,3
position,3
powder,3
preparation,3
previous,3
previously,3
principle,3
profit,3
purposes,3
raw,3
rccm,3
reaction,3
reactions,3
realistic,3
reality,3
recognition,3
rely,3
remove,3
requires,3
resulting,3
reti,3
rich,3
rise,3
roman,3
scientists,3
screw,3
search,3
sectors,3
semiconductor,3
settling,3
simply,3
site,3
smaller,3
smith,3
societal,3
spatial,3
spears,3
springer,3
star,3
static,3
steve,3
stone,3
strength,3
struts,3
subjective,3
substrates,3
takes,3
teardowns,3
telecommunication,3
telephone,3
temporal,3
touch,3
tracking,3
trends,3
trls,3
ultralight,3
underground,3
usage,3
utilize,3
validated,3
vendors,3
views,3
welfare,3
wikis,3
workshop,3
ycww,3
young,3
abilities,3
abstract,3
advancements,3
agriculture,3
aim,3
aims,3
array,3
ascent,3
assessments,3
associations,3
autonomous,3
band,3
bced,3
begin,3
bit,3
blockquote,3
br,3
broadband,3
brought,3
businesses,3
california,3
canadian,3
categories,3
challenge,3
chief,3
cisco,3
coalescence,3
coat,3
collected,3
commerce,3
composed,3
computation,3
configuration,3
connection,3
constructivist,3
contained,3
continued,3
controlled,3
cooling,3
core,3
corrosion,3
country,3
cranks,3
creates,3
cues,3
deal,3
defines,3
denmark,3
dependence,3
designers,3
diagram,3
diary,3
differ,3
differences,3
disadvantages,3
disciplines,3
discovery,3
division,3
dock,3
drake,3
droege,3
ea,3
economist,3
educators,3
ee,3
elastic,3
emergence,3
employees,3
emuzed,3
encountered,3
encyclopedia,3
enforcement,3
enhancement,3
entire,3
esa,3
essence,3
ethical,3
excipients,3
experiences,3
express,3
eye,3
fail,3
failures,3
feature,3
febvre,3
fingerprint,3
finland,3
firing,3
fixed,3
floating,3
foreign,3
frames,3
francesco,3
frits,3
fusion,3
gdsn,3
giorgio,3
governance,3
graphical,3
graphics,3
greek,3
guide,3
gun,3
handbook,3
heated,3
henri,3
hill,3
hold,3
homes,3
huesemann,3
ideal,3
identification,3
identifying,3
impacts,3
implement,3
implementing,3
improvements,3
inertia,3
ingress,3
initiated,3
innovative,3
installed,3
instance,3
interface,3
interfaces,3
involve,3
job,3
jyv,3
kemp,3
kids,3
lab,3
labor,3
labs,3
largely,3
lea,3
lessons,3
limit,3
limitations,3
linear,3
lisp,3
literate,3
locations,3
longer,3
mail,3
mature,3
medical,3
meeting,3
micro,3
microsystems,3
mill,3
ministry,3
movements,3
movie,3
mumford,3
negotiations,3
newspapers,3
notice,3
object,3
occurred,3
offers,3
option,3
organisations,3
oriented,3
originally,3
origins,3
os,3
ownership,3
para,3
participatory,3
particles,3
patented,3
peripheral,3
pieces,3
planned,3
plans,3
player,3
politics,3
possibility,3
prepare,3
procedure,3
professor,3
protected,3
pumps,3
qualified,3
read,3
reduce,3
reducing,3
relate,3
reliability,3
removed,3
rental,3
reveal,3
revolutions,3
rockman,3
romanticism,3
routledge,3
ru,3
run,3
sales,3
scales,3
scene,3
schot,3
sea,3
selection,3
shop,3
shs,3
similarly,3
skyl,3
sls,3
solution,3
spent,3
sperling,3
status,3
story,3
strategies,3
stress,3
style,3
suggest,3
table,3
taking,3
television,3
top,3
translation,3
trek,3
unesco,3
universe,3
uploads,3
uv,3
viewed,3
walter,3
walters,3
washington,3
wave,3
wet,3
widget,3
science,4
amp,4
ndash,4
scientific,4
history,4
study,4
title,4
psychohistory,4
technology,4
publisher,4
isbn,4
research,4
journal,4
policy,4
field,4
regulatory,4
university,4
web,4
scientist,4
location,4
press,4
social,4
development,4
phenomenon,4
philosophy,4
demause,4
human,4
phenomena,4
studies,4
child,4
engineering,4
nature,4
sciences,4
scientists,4
york,4
date,4
natural,4
category,4
military,4
political,4
theory,4
biology,4
century,4
including,4
lloyd,4
modern,4
society,4
top,4
behavior,4
children,4
group,4
harv,4
information,4
life,4
processes,4
states,4
timeline,4
valign,4
discipline,4
htm,4
psychological,4
term,4
american,4
author,4
childhood,4
historical,4
physical,4
psychohistorical,4
psychology,4
world,4
branch,4
evolution,4
national,4
oxford,4
published,4
time,4
volume,4
women,4
accessdate,4
economics,4
goethe,4
knowledge,4
methods,4
physics,4
public,4
theories,4
wellness,4
change,4
earth,4
education,4
government,4
people,4
authorlink,4
childrearing,4
concerned,4
edition,4
fields,4
goethes,4
oclc,4
organisms,4
psychologist,4
state,4
united,4
academic,4
areas,4
based,4
cambridge,4
chemistry,4
doi,4
early,4
google,4
ideas,4
individual,4
john,4
library,4
method,4
nations,4
professional,4
programs,4
archive,4
astronomer,4
basic,4
blockquote,4
developed,4
docscience,4
id,4
infanticide,4
institute,4
medical,4
medicine,4
needed,4
physicist,4
program,4
psychohistorians,4
references,4
robert,4
systems,4
abuse,4
community,4
dictionary,4
discoveries,4
end,4
foundations,4
general,4
include,4
living,4
mathematician,4
mode,4
news,4
organization,4
organizations,4
outline,4
page,4
parents,4
politics,4
process,4
psfoundations,4
review,4
school,4
structure,4
thought,4
training,4
work,4
works,4
astronomy,4
david,4
disciplines,4
evolutionary,4
fact,4
funding,4
major,4
management,4
modes,4
parenting,4
paul,4
pdf,4
person,4
philosopher,4
practice,4
present,4
principle,4
quality,4
reflist,4
related,4
sacrifice,4
system,4
technologist,4
understand,4
war,4
weight,4
analysis,4
animals,4
applied,4
approach,4
biologist,4
bot,4
called,4
chemist,4
citation,4
citations,4
claim,4
concepts,4
culture,4
editor,4
goals,4
impact,4
inconsistent,4
index,4
inserted,4
issues,4
large,4
links,4
literature,4
loss,4
main,4
mental,4
mind,4
object,4
objects,4
parameter,4
phenomenology,4
philosophical,4
place,4
postscript,4
products,4
psyche,4
psycho,4
publication,4
remove,4
resources,4
shows,4
societies,4
sociology,4
universe,4
academy,4
ancient,4
anthropology,4
application,4
aspects,4
began,4
br,4
business,4
chris,4
creative,4
criticism,4
cultures,4
demonstration,4
distribution,4
economic,4
educational,4
english,4
environment,4
event,4
events,4
experience,4
explain,4
fda,4
female,4
form,4
foundation,4
freud,4
geocities,4
goethean,4
great,4
greek,4
groups,4
health,4
industry,4
interest,4
international,4
issue,4
journalism,4
journals,4
jpg,4
kaufmann,4
kidhistory,4
language,4
laws,4
make,4
man,4
matter,4
media,4
methodology,4
mooney,4
motion,4
net,4
notable,4
number,4
ny,4
practices,4
principles,4
properties,4
psychogenic,4
reality,4
refers,4
result,4
royal,4
schools,4
series,4
strategies,4
students,4
technical,4
terms,4
thumb,4
understanding,4
wrote,4
sports,5
sport,5
title,5
games,5
olympic,5
physical,5
participants,5
participation,5
sportaccord,5
web,5
publisher,5
date,5
football,5
competition,5
news,5
international,5
world,5
including,5
ancient,5
file,5
jpg,5
professional,5
thumb,5
amateur,5
competitive,5
accessdate,5
events,5
performance,5
sport4ever,5
technology,5
time,5
activities,5
amp,5
arabic,5
association,5
council,5
cup,5
definition,5
index,5
list,5
olympics,5
politics,5
popular,5
200px,5
athletics,5
fair,5
game,5
increase,5
language,5
maktoob,5
national,5
result,5
rugby,5
rules,5
spectator,5
sportsmanship,5
team,5
white,5
